{
  "actual_matched_query_is_highest_probability_ratio": 0.3855421686746988,
  "best_second_best_cost_margin": {
    "count": 83,
    "mean": 0.96462745039937,
    "median": 1.0977691411972046,
    "p10": 0.18206354081630707,
    "p90": 2.026106476783752
  },
  "cost_component_statistics": {
    "actual_matches": {
      "direction": {
        "count": 83,
        "mean": 0.003572455371718809,
        "median": 0.0019218921661376953,
        "p10": 4.2295455932617196e-05,
        "p90": 0.010030841827392577
      },
      "endpoint": {
        "count": 83,
        "mean": 0.05611880469214486,
        "median": 0.04739198088645935,
        "p10": 0.016503821313381194,
        "p90": 0.10726545453071593
      },
      "existence": {
        "count": 83,
        "mean": -0.9759003139403929,
        "median": -0.9926711320877075,
        "p10": -0.9967176914215088,
        "p90": -0.9433880090713501
      }
    },
    "all_candidate_to_gt": {
      "direction": {
        "count": 498,
        "mean": 0.914371678149365,
        "median": 0.9440445005893707,
        "p10": 0.002502536773681641,
        "p90": 1.9938246846199035
      },
      "endpoint": {
        "count": 498,
        "mean": 0.5381790670195976,
        "median": 0.3960186690092087,
        "p10": 0.058623705804347996,
        "p90": 1.1058343172073364
      },
      "existence": {
        "count": 498,
        "mean": -0.464289915523993,
        "median": -0.028660718351602554,
        "p10": -0.9962189793586731,
        "p90": -0.002000078838318586
      }
    }
  },
  "empty_gt_query_probability": {
    "count": 0,
    "mean": null,
    "median": null,
    "p10": null,
    "p90": null
  },
  "per_query_match_frequency": {
    "0": 0,
    "1": 15,
    "2": 20,
    "3": 0,
    "4": 19,
    "5": 29
  },
  "per_query_match_frequency_by_gt_count": {
    "count_2": {
      "0": 0,
      "1": 4,
      "2": 10,
      "3": 0,
      "4": 6,
      "5": 14
    },
    "count_ge_3": {
      "0": 0,
      "1": 11,
      "2": 10,
      "3": 0,
      "4": 13,
      "5": 15
    }
  }
}
