{
  "full": {
    "debug_final_fused_queries": {
      "hidden_norm": {
        "count": 192,
        "mean": 11.355249206911191,
        "median": 11.468754663756112,
        "p10": 11.052299603942418,
        "p90": 11.815798193683596
      },
      "pairwise_cosine": {
        "count": 480,
        "mean": 0.1940674910842868,
        "median": 0.0004125935651329288,
        "p10": -0.20026492370097704,
        "p90": 0.9801184118590552
      }
    },
    "debug_graph_conditioned_queries": {
      "hidden_norm": {
        "count": 192,
        "mean": 10.804882550286555,
        "median": 10.81774516361607,
        "p10": 10.71381102919017,
        "p90": 10.895509751042512
      },
      "pairwise_cosine": {
        "count": 480,
        "mean": 0.9845069991319312,
        "median": 0.990352525347254,
        "p10": 0.9643816683498257,
        "p90": 0.9969651780550661
      }
    },
    "debug_graph_state_contribution": {
      "hidden_norm": {
        "count": 192,
        "mean": 9.806844390679688,
        "median": 9.817915343931672,
        "p10": 9.655804916570002,
        "p90": 9.992738281708101
      },
      "pairwise_cosine": {
        "count": 480,
        "mean": 1.0,
        "median": 1.0000000000000002,
        "p10": 0.9999999999999999,
        "p90": 1.0000000000000002
      }
    },
    "debug_image_cross_attention_output": {
      "hidden_norm": {
        "count": 192,
        "mean": 13.372789981740473,
        "median": 12.657758409805487,
        "p10": 8.26658142681504,
        "p90": 19.779273677537294
      },
      "pairwise_cosine": {
        "count": 480,
        "mean": 0.35196181831767903,
        "median": 0.4541499674161727,
        "p10": -0.48138979036033425,
        "p90": 0.9826031020130078
      }
    },
    "debug_learned_query_embedding": {
      "hidden_norm": {
        "count": 192,
        "mean": 0.9854990175581883,
        "median": 0.9940357951431124,
        "p10": 0.41437757839586153,
        "p90": 1.6821740921883188
      },
      "pairwise_cosine": {
        "count": 480,
        "mean": -0.14638850161730385,
        "median": -0.35421554079817735,
        "p10": -0.8743432373863285,
        "p90": 0.6671042108302097
      }
    },
    "debug_pre_cross_attention_queries": {
      "hidden_norm": {
        "count": 192,
        "mean": 10.804882550286555,
        "median": 10.81774516361607,
        "p10": 10.71381102919017,
        "p90": 10.895509751042512
      },
      "pairwise_cosine": {
        "count": 480,
        "mean": 0.9845069991319312,
        "median": 0.990352525347254,
        "p10": 0.9643816683498257,
        "p90": 0.9969651780550661
      }
    },
    "debug_pre_graph_queries": {
      "hidden_norm": {
        "count": 192,
        "mean": 0.9854990175581883,
        "median": 0.9940357951431124,
        "p10": 0.41437757839586153,
        "p90": 1.6821740921883188
      },
      "pairwise_cosine": {
        "count": 480,
        "mean": -0.14638850161730385,
        "median": -0.35421554079817735,
        "p10": -0.8743432373863285,
        "p90": 0.6671042108302097
      }
    },
    "debug_trajectory_cross_attention_output": {
      "hidden_norm": {
        "count": 192,
        "mean": 5.438734431450681,
        "median": 5.043411766621185,
        "p10": 2.8285089701098727,
        "p90": 8.63166481191136
      },
      "pairwise_cosine": {
        "count": 480,
        "mean": 0.5218008881697552,
        "median": 0.810248480682739,
        "p10": -0.5160545621107291,
        "p90": 0.9974266402020474
      }
    }
  },
  "no_trajectory": {
    "debug_final_fused_queries": {
      "hidden_norm": {
        "count": 192,
        "mean": 11.34901233672727,
        "median": 11.459359714343938,
        "p10": 11.046982550767114,
        "p90": 11.77179467479625
      },
      "pairwise_cosine": {
        "count": 480,
        "mean": 0.212715129902359,
        "median": 0.01928324377786723,
        "p10": -0.2185770123098929,
        "p90": 0.9837190400039393
      }
    },
    "debug_graph_conditioned_queries": {
      "hidden_norm": {
        "count": 192,
        "mean": 10.804882550286555,
        "median": 10.81774516361607,
        "p10": 10.71381102919017,
        "p90": 10.895509751042512
      },
      "pairwise_cosine": {
        "count": 480,
        "mean": 0.9845069991319312,
        "median": 0.990352525347254,
        "p10": 0.9643816683498257,
        "p90": 0.9969651780550661
      }
    },
    "debug_graph_state_contribution": {
      "hidden_norm": {
        "count": 192,
        "mean": 9.806844390679688,
        "median": 9.817915343931672,
        "p10": 9.655804916570002,
        "p90": 9.992738281708101
      },
      "pairwise_cosine": {
        "count": 480,
        "mean": 1.0,
        "median": 1.0000000000000002,
        "p10": 0.9999999999999999,
        "p90": 1.0000000000000002
      }
    },
    "debug_image_cross_attention_output": {
      "hidden_norm": {
        "count": 192,
        "mean": 13.372789981740473,
        "median": 12.657758409805487,
        "p10": 8.26658142681504,
        "p90": 19.779273677537294
      },
      "pairwise_cosine": {
        "count": 480,
        "mean": 0.35196181831767903,
        "median": 0.4541499674161727,
        "p10": -0.48138979036033425,
        "p90": 0.9826031020130078
      }
    },
    "debug_learned_query_embedding": {
      "hidden_norm": {
        "count": 192,
        "mean": 0.9854990175581883,
        "median": 0.9940357951431124,
        "p10": 0.41437757839586153,
        "p90": 1.6821740921883188
      },
      "pairwise_cosine": {
        "count": 480,
        "mean": -0.14638850161730385,
        "median": -0.35421554079817735,
        "p10": -0.8743432373863285,
        "p90": 0.6671042108302097
      }
    },
    "debug_pre_cross_attention_queries": {
      "hidden_norm": {
        "count": 192,
        "mean": 10.804882550286555,
        "median": 10.81774516361607,
        "p10": 10.71381102919017,
        "p90": 10.895509751042512
      },
      "pairwise_cosine": {
        "count": 480,
        "mean": 0.9845069991319312,
        "median": 0.990352525347254,
        "p10": 0.9643816683498257,
        "p90": 0.9969651780550661
      }
    },
    "debug_pre_graph_queries": {
      "hidden_norm": {
        "count": 192,
        "mean": 0.9854990175581883,
        "median": 0.9940357951431124,
        "p10": 0.41437757839586153,
        "p90": 1.6821740921883188
      },
      "pairwise_cosine": {
        "count": 480,
        "mean": -0.14638850161730385,
        "median": -0.35421554079817735,
        "p10": -0.8743432373863285,
        "p90": 0.6671042108302097
      }
    },
    "debug_trajectory_cross_attention_output": {
      "hidden_norm": {
        "count": 192,
        "mean": 0.0,
        "median": 0.0,
        "p10": 0.0,
        "p90": 0.0
      },
      "pairwise_cosine": {
        "count": 480,
        "mean": 0.0,
        "median": 0.0,
        "p10": 0.0,
        "p90": 0.0
      }
    }
  },
  "trajectory_graph": {
    "debug_final_fused_queries": {
      "hidden_norm": {
        "count": 192,
        "mean": 11.069737604567493,
        "median": 11.086330141422126,
        "p10": 11.021149235270016,
        "p90": 11.101677391858837
      },
      "pairwise_cosine": {
        "count": 480,
        "mean": 0.8669495921910662,
        "median": 0.9306429293754312,
        "p10": 0.6129318281412874,
        "p90": 0.9877984721975158
      }
    },
    "debug_graph_conditioned_queries": {
      "hidden_norm": {
        "count": 192,
        "mean": 10.804882550286555,
        "median": 10.81774516361607,
        "p10": 10.71381102919017,
        "p90": 10.895509751042512
      },
      "pairwise_cosine": {
        "count": 480,
        "mean": 0.9845069991319312,
        "median": 0.990352525347254,
        "p10": 0.9643816683498257,
        "p90": 0.9969651780550661
      }
    },
    "debug_graph_state_contribution": {
      "hidden_norm": {
        "count": 192,