{
  "actual_matched_query_is_highest_probability_ratio": 0.3855421686746988,
  "best_second_best_cost_margin": {
    "count": 83,
    "mean": 1.2649903132254818,
    "median": 1.2782795429229736,
    "p10": 0.3037418127059937,
    "p90": 2.101140785217285
  },
  "cost_component_statistics": {
    "actual_matches": {
      "direction": {
        "count": 83,
        "mean": 0.0010417139673807535,
        "median": 0.0005560517311096191,
        "p10": 3.3724308013916026e-05,
        "p90": 0.00293736457824707
      },
      "endpoint": {
        "count": 83,
        "mean": 0.03321221082033702,
        "median": 0.02536293864250183,
        "p10": 0.007018502708524466,
        "p90": 0.0730876863002777
      },
      "existence": {
        "count": 83,
        "mean": -0.9960573926029435,
        "median": -0.9982397556304932,
        "p10": -0.9989612102508545,
        "p90": -0.9916339755058289
      }
    },
    "all_candidate_to_gt": {
      "direction": {
        "count": 498,
        "mean": 0.980637570700971,
        "median": 1.0106630325317383,
        "p10": 0.0007172167301177979,
        "p90": 1.9966677904129029
      },
      "endpoint": {
        "count": 498,
        "mean": 0.4117242683680825,
        "median": 0.35228829085826874,
        "p10": 0.03155027683824301,
        "p90": 0.8327252566814424
      },
      "existence": {
        "count": 498,
        "mean": -0.47004611379161654,
        "median": -0.021984217688441277,
        "p10": -0.998682826757431,
        "p90": -0.0007985598058439791
      }
    }
  },
  "empty_gt_query_probability": {
    "count": 0,
    "mean": null,
    "median": null,
    "p10": null,
    "p90": null
  },
  "per_query_match_frequency": {
    "0": 23,
    "1": 17,
    "2": 17,
    "3": 26,
    "4": 0,
    "5": 0
  },
  "per_query_match_frequency_by_gt_count": {
    "count_2": {
      "0": 9,
      "1": 5,
      "2": 7,
      "3": 13,
      "4": 0,
      "5": 0
    },
    "count_ge_3": {
      "0": 14,
      "1": 12,
      "2": 10,
      "3": 13,
      "4": 0,
      "5": 0
    }
  }
}
