{
  "full": {
    "debug_final_fused_queries": {
      "hidden_norm": {
        "count": 192,
        "mean": 11.359017522325834,
        "median": 11.401819879751057,
        "p10": 11.179821969203314,
        "p90": 11.534467791233526
      },
      "pairwise_cosine": {
        "count": 480,
        "mean": 0.17158373710371505,
        "median": -0.07243785620095336,
        "p10": -0.39129105113493867,
        "p90": 0.8948774152326309
      }
    },
    "debug_graph_conditioned_queries": {
      "hidden_norm": {
        "count": 192,
        "mean": 11.183968228095639,
        "median": 11.184079009198594,
        "p10": 11.138111074918632,
        "p90": 11.215835127687349
      },
      "pairwise_cosine": {
        "count": 480,
        "mean": 0.35263155558129394,
        "median": 0.3663310569298784,
        "p10": 0.08343693485816764,
        "p90": 0.6313488779825437
      }
    },
    "debug_graph_state_contribution": {
      "hidden_norm": {
        "count": 192,
        "mean": 11.035158556501772,
        "median": 11.06282260323362,
        "p10": 10.974473227432195,
        "p90": 11.06282260323362
      },
      "pairwise_cosine": {
        "count": 480,
        "mean": 1.0,
        "median": 1.0000000000000002,
        "p10": 0.9999999999999998,
        "p90": 1.0000000000000002
      }
    },
    "debug_image_cross_attention_output": {
      "hidden_norm": {
        "count": 192,
        "mean": 5.253904684736775,
        "median": 4.830280390138877,
        "p10": 3.4005542288236796,
        "p90": 8.240010161279681
      },
      "pairwise_cosine": {
        "count": 480,
        "mean": 0.21600761391083476,
        "median": 0.43580089619397255,
        "p10": -0.6938762656038495,
        "p90": 0.9602162102363863
      }
    },
    "debug_learned_query_embedding": {
      "hidden_norm": {
        "count": 192,
        "mean": 0.25358835509188576,
        "median": 0.25295171139327177,
        "p10": 0.23701484390540117,
        "p90": 0.2675717397249294
      },
      "pairwise_cosine": {
        "count": 480,
        "mean": -0.07168727918145641,
        "median": -0.1026810185338202,
        "p10": -0.21614019955736033,
        "p90": 0.041876944352257875
      }
    },
    "debug_pre_cross_attention_queries": {
      "hidden_norm": {
        "count": 192,
        "mean": 11.183968228095639,
        "median": 11.184079009198594,
        "p10": 11.138111074918632,
        "p90": 11.215835127687349
      },
      "pairwise_cosine": {
        "count": 480,
        "mean": 0.35263155558129394,
        "median": 0.3663310569298784,
        "p10": 0.08343693485816764,
        "p90": 0.6313488779825437
      }
    },
    "debug_pre_graph_queries": {
      "hidden_norm": {
        "count": 192,
        "mean": 11.104656769701762,
        "median": 11.10474397478075,
        "p10": 11.034308875875462,
        "p90": 11.159089134026917
      },
      "pairwise_cosine": {
        "count": 480,
        "mean": -0.10666735886634454,
        "median": -0.13704828142595651,
        "p10": -0.4288578718551317,
        "p90": 0.15536956922006712
      }
    },
    "debug_trajectory_cross_attention_output": {
      "hidden_norm": {
        "count": 192,
        "mean": 7.539298424264392,
        "median": 7.735691619639669,
        "p10": 3.940168921997732,
        "p90": 10.951906734303108
      },
      "pairwise_cosine": {
        "count": 480,
        "mean": 0.5796011421195258,
        "median": 0.803785464279194,
        "p10": -0.3113265698816137,
        "p90": 0.9828943616947875
      }
    }
  },
  "no_trajectory": {
    "debug_final_fused_queries": {
      "hidden_norm": {
        "count": 192,
        "mean": 11.344120876185515,
        "median": 11.244775915886876,
        "p10": 11.178108687558296,
        "p90": 11.537651773079606
      },
      "pairwise_cosine": {
        "count": 480,
        "mean": 0.13900427208705496,
        "median": -0.11847698869640559,
        "p10": -0.40849472664636405,
        "p90": 0.860625484848863
      }
    },
    "debug_graph_conditioned_queries": {
      "hidden_norm": {
        "count": 192,
        "mean": 11.183968228095639,
        "median": 11.184079009198594,
        "p10": 11.138111074918632,
        "p90": 11.215835127687349
      },
      "pairwise_cosine": {
        "count": 480,
        "mean": 0.35263155558129394,
        "median": 0.3663310569298784,
        "p10": 0.08343693485816764,
        "p90": 0.6313488779825437
      }
    },
    "debug_graph_state_contribution": {
      "hidden_norm": {
        "count": 192,
        "mean": 11.035158556501772,
        "median": 11.06282260323362,
        "p10": 10.974473227432195,
        "p90": 11.06282260323362
      },
      "pairwise_cosine": {
        "count": 480,
        "mean": 1.0,
        "median": 1.0000000000000002,
        "p10": 0.9999999999999998,
        "p90": 1.0000000000000002
      }
    },
    "debug_image_cross_attention_output": {
      "hidden_norm": {
        "count": 192,
        "mean": 5.253904684736775,
        "median": 4.830280390138877,
        "p10": 3.4005542288236796,
        "p90": 8.240010161279681
      },
      "pairwise_cosine": {
        "count": 480,
        "mean": 0.21600761391083476,
        "median": 0.43580089619397255,
        "p10": -0.6938762656038495,
        "p90": 0.9602162102363863
      }
    },
    "debug_learned_query_embedding": {
      "hidden_norm": {
        "count": 192,
        "mean": 0.25358835509188576,
        "median": 0.25295171139327177,
        "p10": 0.23701484390540117,
        "p90": 0.2675717397249294
      },
      "pairwise_cosine": {
        "count": 480,
        "mean": -0.07168727918145641,
        "median": -0.1026810185338202,
        "p10": -0.21614019955736033,
        "p90": 0.041876944352257875
      }
    },
    "debug_pre_cross_attention_queries": {
      "hidden_norm": {
        "count": 192,
        "mean": 11.183968228095639,
        "median": 11.184079009198594,
        "p10": 11.138111074918632,
        "p90": 11.215835127687349
      },
      "pairwise_cosine": {
        "count": 480,
        "mean": 0.35263155558129394,
        "median": 0.3663310569298784,
        "p10": 0.08343693485816764,
        "p90": 0.6313488779825437
      }
    },
    "debug_pre_graph_queries": {
      "hidden_norm": {
        "count": 192,
        "mean": 11.104656769701762,
        "median": 11.10474397478075,
        "p10": 11.034308875875462,
        "p90": 11.159089134026917
      },
      "pairwise_cosine": {
        "count": 480,
        "mean": -0.10666735886634454,
        "median": -0.13704828142595651,
        "p10": -0.4288578718551317,
        "p90": 0.15536956922006712
      }
    },
    "debug_trajectory_cross_attention_output": {
      "hidden_norm": {
        "count": 192,
        "mean": 0.0,
        "median": 0.0,
        "p10": 0.0,
        "p90": 0.0
      },
      "pairwise_cosine": {
        "count": 480,
        "mean": 0.0,
        "median": 0.0,
        "p10": 0.0,
        "p90": 0.0
      }
    }
  },
  "trajectory_graph": {
    "debug_final_fused_queries": {
      "hidden_norm": {
        "count": 192,
        "mean": 11.351070894080173,
        "median": 11.368592530203692,
        "p10": 11.16450784429098,
        "p90": 11.535414055084008
      },
      "pairwise_cosine": {
        "count": 480,
        "mean": 0.25947464215191124,
        "median": 0.23700107445932422,
        "p10": -0.33745012301219945,
        "p90": 0.921409181280366
      }
    },
    "debug_graph_conditioned_queries": {
      "hidden_norm": {
        "count": 192,
        "mean": 11.183968228095639,
        "median": 11.184079009198594,
        "p10": 11.138111074918632,
        "p90": 11.215835127687349
      },
      "pairwise_cosine": {
        "count": 480,
        "mean": 0.35263155558129394,
        "median": 0.3663310569298784,
        "p10": 0.08343693485816764,
        "p90": 0.6313488779825437
      }
    },