{
  "full": {
    "debug_final_fused_queries": {
      "hidden_norm": {
        "count": 192,
        "mean": 11.214728727070066,
        "median": 11.157839849457227,
        "p10": 10.890465426998665,
        "p90": 11.551979892616961
      },
      "pairwise_cosine": {
        "count": 480,
        "mean": 0.11718485139182833,
        "median": -0.1247875025644596,
        "p10": -0.39226749167397335,
        "p90": 0.976033003934635
      }
    },
    "debug_graph_conditioned_queries": {
      "hidden_norm": {
        "count": 192,
        "mean": 10.725527149009087,
        "median": 10.714879936082816,
        "p10": 10.70412607035549,
        "p90": 10.750927014228331
      },
      "pairwise_cosine": {
        "count": 480,
        "mean": 0.9843825256714446,
        "median": 0.988935190206106,
        "p10": 0.9581168204409357,
        "p90": 0.996493142031781
      }
    },
    "debug_graph_state_contribution": {
      "hidden_norm": {
        "count": 192,
        "mean": 9.595866292426303,
        "median": 9.549621847953714,
        "p10": 9.549621847953714,
        "p90": 9.678910730683459
      },
      "pairwise_cosine": {
        "count": 480,
        "mean": 1.0,
        "median": 0.9999999999999998,
        "p10": 0.9999999999999998,
        "p90": 1.0000000000000002
      }
    },
    "debug_image_cross_attention_output": {
      "hidden_norm": {
        "count": 192,
        "mean": 4.019809976608506,
        "median": 3.516358051167514,
        "p10": 3.016863393429059,
        "p90": 5.948717589663028
      },
      "pairwise_cosine": {
        "count": 480,
        "mean": 0.9895274293987678,
        "median": 0.9985959841551597,
        "p10": 0.9736246495883565,
        "p90": 0.9998292864580781
      }
    },
    "debug_learned_query_embedding": {
      "hidden_norm": {
        "count": 192,
        "mean": 0.9837823149138268,
        "median": 1.0324910308257476,
        "p10": 0.4699789774100472,
        "p90": 1.5253456637261331
      },
      "pairwise_cosine": {
        "count": 480,
        "mean": -0.1511664352600769,
        "median": -0.3684850750775128,
        "p10": -0.9005881108036065,
        "p90": 0.7945500601293634
      }
    },
    "debug_pre_cross_attention_queries": {
      "hidden_norm": {
        "count": 192,
        "mean": 10.725527149009087,
        "median": 10.714879936082816,
        "p10": 10.70412607035549,
        "p90": 10.750927014228331
      },
      "pairwise_cosine": {
        "count": 480,
        "mean": 0.9843825256714446,
        "median": 0.988935190206106,
        "p10": 0.9581168204409357,
        "p90": 0.996493142031781
      }
    },
    "debug_pre_graph_queries": {
      "hidden_norm": {
        "count": 192,
        "mean": 0.9837823149138268,
        "median": 1.0324910308257476,
        "p10": 0.4699789774100472,
        "p90": 1.5253456637261331
      },
      "pairwise_cosine": {
        "count": 480,
        "mean": -0.1511664352600769,
        "median": -0.3684850750775128,
        "p10": -0.9005881108036065,
        "p90": 0.7945500601293634
      }
    },
    "debug_trajectory_cross_attention_output": {
      "hidden_norm": {
        "count": 192,
        "mean": 8.513629215625604,
        "median": 7.934555098798366,
        "p10": 4.573314863672656,
        "p90": 12.854699799605415
      },
      "pairwise_cosine": {
        "count": 480,
        "mean": 0.1966963169916691,
        "median": 0.3753798043209665,
        "p10": -0.8200617484741635,
        "p90": 0.9827080058845289
      }
    }
  },
  "no_trajectory": {
    "debug_final_fused_queries": {
      "hidden_norm": {
        "count": 192,
        "mean": 10.98350613559323,
        "median": 10.932292151103908,
        "p10": 10.874866031311052,
        "p90": 11.161876872174807
      },
      "pairwise_cosine": {
        "count": 480,
        "mean": 0.5997672438015724,
        "median": 0.6716599260618156,
        "p10": 0.048128863378398175,
        "p90": 0.9561573713321038
      }
    },
    "debug_graph_conditioned_queries": {
      "hidden_norm": {
        "count": 192,
        "mean": 10.725527149009087,
        "median": 10.714879936082816,
        "p10": 10.70412607035549,
        "p90": 10.750927014228331
      },
      "pairwise_cosine": {
        "count": 480,
        "mean": 0.9843825256714446,
        "median": 0.988935190206106,
        "p10": 0.9581168204409357,
        "p90": 0.996493142031781
      }
    },
    "debug_graph_state_contribution": {
      "hidden_norm": {
        "count": 192,
        "mean": 9.595866292426303,
        "median": 9.549621847953714,
        "p10": 9.549621847953714,
        "p90": 9.678910730683459
      },
      "pairwise_cosine": {
        "count": 480,
        "mean": 1.0,
        "median": 0.9999999999999998,
        "p10": 0.9999999999999998,
        "p90": 1.0000000000000002
      }
    },
    "debug_image_cross_attention_output": {
      "hidden_norm": {
        "count": 192,
        "mean": 4.019809976608506,
        "median": 3.516358051167514,
        "p10": 3.016863393429059,
        "p90": 5.948717589663028
      },
      "pairwise_cosine": {
        "count": 480,
        "mean": 0.9895274293987678,
        "median": 0.9985959841551597,
        "p10": 0.9736246495883565,
        "p90": 0.9998292864580781
      }
    },
    "debug_learned_query_embedding": {
      "hidden_norm": {
        "count": 192,
        "mean": 0.9837823149138268,
        "median": 1.0324910308257476,
        "p10": 0.4699789774100472,
        "p90": 1.5253456637261331
      },
      "pairwise_cosine": {
        "count": 480,
        "mean": -0.1511664352600769,
        "median": -0.3684850750775128,
        "p10": -0.9005881108036065,
        "p90": 0.7945500601293634
      }
    },
    "debug_pre_cross_attention_queries": {
      "hidden_norm": {
        "count": 192,
        "mean": 10.725527149009087,
        "median": 10.714879936082816,
        "p10": 10.70412607035549,
        "p90": 10.750927014228331
      },
      "pairwise_cosine": {
        "count": 480,
        "mean": 0.9843825256714446,
        "median": 0.988935190206106,
        "p10": 0.9581168204409357,
        "p90": 0.996493142031781
      }
    },
    "debug_pre_graph_queries": {
      "hidden_norm": {
        "count": 192,
        "mean": 0.9837823149138268,
        "median": 1.0324910308257476,
        "p10": 0.4699789774100472,
        "p90": 1.5253456637261331
      },
      "pairwise_cosine": {
        "count": 480,
        "mean": -0.1511664352600769,
        "median": -0.3684850750775128,
        "p10": -0.9005881108036065,
        "p90": 0.7945500601293634
      }
    },
    "debug_trajectory_cross_attention_output": {
      "hidden_norm": {
        "count": 192,
        "mean": 0.0,
        "median": 0.0,
        "p10": 0.0,
        "p90": 0.0
      },
      "pairwise_cosine": {
        "count": 480,
        "mean": 0.0,
        "median": 0.0,
        "p10": 0.0,
        "p90": 0.0
      }
    }
  },
  "trajectory_graph": {
    "debug_final_fused_queries": {
      "hidden_norm": {
        "count": 192,
        "mean": 11.195282048419529,
        "median": 11.117610797988538,
        "p10": 10.891534507873109,
        "p90": 11.535487084232352
      },
      "pairwise_cosine": {
        "count": 480,
        "mean": 0.11136251770689329,
        "median": -0.06092602629807137,
        "p10": -0.40105282119426366,
        "p90": 0.9549375670819185
      }
    },
    "debug_graph_conditioned_queries": {
      "hidden_norm": {
        "count": 192,
        "mean": 10.725527149009087,
        "median": 10.714879936082816,
        "p10": 10.70412607035549,
        "p90": 10.750927014228331
      },
      "pairwise_cosine": {
        "count": 480,
        "mean": 0.9843825256714446,
        "median": 0.988935190206106,
        "p10": 0.9581168204409357,
        "p90": 0.996493142031781
      }
    },
    "debug_graph_state_contribution": {
      "hidden_norm": {
        "count": 192,