{
  "actual_matched_query_is_highest_probability_ratio": 0.4149797570850202,
  "best_second_best_cost_margin": {
    "count": 494,
    "mean": 0.1050524411134814,
    "median": 0.002137456089258194,
    "p10": 0.0003116168081760407,
    "p90": 0.23757553696632383
  },
  "cost_component_statistics": {
    "actual_matches": {
      "direction": {
        "count": 494,
        "mean": 0.1698232573053615,
        "median": 0.009043604135513306,
        "p10": 0.0004477679729461674,
        "p90": 0.5648885846138
      },
      "endpoint": {
        "count": 494,
        "mean": 0.16296989733149647,
        "median": 0.1475812792778015,
        "p10": 0.08981491699814796,
        "p90": 0.26788411736488343
      },
      "existence": {
        "count": 494,
        "mean": -0.22588277001099788,
        "median": -0.1471351534128189,
        "p10": -0.4071653962135315,
        "p90": -0.10351887568831444
      }
    },
    "all_candidate_to_gt": {
      "direction": {
        "count": 2964,
        "mean": 0.3529028917452906,
        "median": 0.010595589876174927,
        "p10": 0.0008024454116821292,
        "p90": 1.5044098377227784
      },
      "endpoint": {
        "count": 2964,
        "mean": 0.1661963404292007,
        "median": 0.15212921798229218,
        "p10": 0.0918116107583046,
        "p90": 0.27108371555805205
      },
      "existence": {
        "count": 2964,
        "mean": -0.22528529650809473,
        "median": -0.14626655727624893,
        "p10": -0.4071653962135315,
        "p90": -0.10246953070163727
      }
    }
  },
  "empty_gt_query_probability": {
    "count": 744,
    "mean": 0.12939501126448283,
    "median": 0.06690534949302673,
    "p10": 0.0021037030033767222,
    "p90": 0.4074097603559494
  },
  "per_query_match_frequency": {
    "0": 27,
    "1": 242,
    "2": 15,
    "3": 62,
    "4": 20,
    "5": 128
  },
  "per_query_match_frequency_by_gt_count": {
    "count_1": {
      "0": 23,
      "1": 181,
      "2": 3,
      "3": 11,
      "4": 1,
      "5": 98
    },
    "count_2": {
      "0": 0,
      "1": 32,
      "2": 2,
      "3": 27,
      "4": 3,
      "5": 14
    },
    "count_ge_3": {
      "0": 4,
      "1": 29,
      "2": 10,
      "3": 24,
      "4": 16,
      "5": 16
    }
  }
}
