{
  "full": {
    "debug_final_fused_queries": {
      "hidden_norm": {
        "count": 3072,
        "mean": 11.234874139413789,
        "median": 11.23072641550268,
        "p10": 11.20881629371919,
        "p90": 11.256535477285002
      },
      "pairwise_cosine": {
        "count": 7680,
        "mean": 0.9999458936806465,
        "median": 0.9999528894868769,
        "p10": 0.9999046810793452,
        "p90": 0.9999754361351445
      }
    },
    "debug_graph_conditioned_queries": {
      "hidden_norm": {
        "count": 3072,
        "mean": 11.17313585361111,
        "median": 11.152400362226281,
        "p10": 11.125372644187417,
        "p90": 11.267807525477771
      },
      "pairwise_cosine": {
        "count": 7680,
        "mean": 0.9995808861299335,
        "median": 0.9995902967111961,
        "p10": 0.9994818183299966,
        "p90": 0.9996651924805569
      }
    },
    "debug_graph_state_contribution": {
      "hidden_norm": {
        "count": 3072,
        "mean": 11.213693695446892,
        "median": 11.194841474106546,
        "p10": 11.16787997323898,
        "p90": 11.308538867015313
      },
      "pairwise_cosine": {
        "count": 7680,
        "mean": 1.0,
        "median": 1.0,
        "p10": 0.9999999999999999,
        "p90": 1.0000000000000002
      }
    },
    "debug_image_cross_attention_output": {
      "hidden_norm": {
        "count": 3072,
        "mean": 5.507686750169904,
        "median": 5.6186764186919,
        "p10": 5.050117783389906,
        "p90": 5.868528310729725
      },
      "pairwise_cosine": {
        "count": 7680,
        "mean": 0.9999932847240692,
        "median": 0.9999994198965638,
        "p10": 0.9999877214791941,
        "p90": 0.9999998412198295
      }
    },
    "debug_learned_query_embedding": {
      "hidden_norm": {
        "count": 3072,
        "mean": 0.23562579621444768,
        "median": 0.23334423306670043,
        "p10": 0.2235264333961898,
        "p90": 0.2605904242487538
      },
      "pairwise_cosine": {
        "count": 7680,
        "mean": 0.021868418475010257,
        "median": -0.0014326979672703703,
        "p10": -0.10247094954905497,
        "p90": 0.18681843857401229
      }
    },
    "debug_pre_cross_attention_queries": {
      "hidden_norm": {
        "count": 3072,
        "mean": 11.17313585361111,
        "median": 11.152400362226281,
        "p10": 11.125372644187417,
        "p90": 11.267807525477771
      },
      "pairwise_cosine": {
        "count": 7680,
        "mean": 0.9995808861299335,
        "median": 0.9995902967111961,
        "p10": 0.9994818183299966,
        "p90": 0.9996651924805569
      }
    },
    "debug_pre_graph_queries": {
      "hidden_norm": {
        "count": 3072,
        "mean": 0.23562579621444768,
        "median": 0.23334423306670043,
        "p10": 0.2235264333961898,
        "p90": 0.2605904242487538
      },
      "pairwise_cosine": {
        "count": 7680,
        "mean": 0.021868418475010257,
        "median": -0.0014326979672703703,
        "p10": -0.10247094954905497,
        "p90": 0.18681843857401229
      }
    },
    "debug_trajectory_cross_attention_output": {
      "hidden_norm": {
        "count": 3072,
        "mean": 5.274975164630065,
        "median": 5.277235485066875,
        "p10": 5.1957249478759895,
        "p90": 5.350575415754275
      },
      "pairwise_cosine": {
        "count": 7680,
        "mean": 0.9999999999423392,
        "median": 0.9999999999612353,
        "p10": 0.9999999998738205,
        "p90": 0.9999999999873967
      }
    }
  },
  "no_trajectory": {
    "debug_final_fused_queries": {
      "hidden_norm": {
        "count": 3072,
        "mean": 11.232688712186286,
        "median": 11.23263068041706,
        "p10": 11.212640226630798,
        "p90": 11.253048322811955
      },
      "pairwise_cosine": {
        "count": 7680,
        "mean": 0.999936004095121,
        "median": 0.9999433882039381,
        "p10": 0.9998873972248977,
        "p90": 0.9999683978485188
      }
    },
    "debug_graph_conditioned_queries": {
      "hidden_norm": {
        "count": 3072,
        "mean": 11.17313585361111,
        "median": 11.152400362226281,
        "p10": 11.125372644187417,
        "p90": 11.267807525477771
      },
      "pairwise_cosine": {
        "count": 7680,
        "mean": 0.9995808861299335,
        "median": 0.9995902967111961,
        "p10": 0.9994818183299966,
        "p90": 0.9996651924805569
      }
    },
    "debug_graph_state_contribution": {
      "hidden_norm": {
        "count": 3072,
        "mean": 11.213693695446892,
        "median": 11.194841474106546,
        "p10": 11.16787997323898,
        "p90": 11.308538867015313
      },
      "pairwise_cosine": {
        "count": 7680,
        "mean": 1.0,
        "median": 1.0,
        "p10": 0.9999999999999999,
        "p90": 1.0000000000000002
      }
    },
    "debug_image_cross_attention_output": {
      "hidden_norm": {
        "count": 3072,
        "mean": 5.507686750169904,
        "median": 5.6186764186919,
        "p10": 5.050117783389906,
        "p90": 5.868528310729725
      },
      "pairwise_cosine": {
        "count": 7680,
        "mean": 0.9999932847240692,
        "median": 0.9999994198965638,
        "p10": 0.9999877214791941,
        "p90": 0.9999998412198295
      }
    },
    "debug_learned_query_embedding": {
      "hidden_norm": {
        "count": 3072,
        "mean": 0.23562579621444768,
        "median": 0.23334423306670043,
        "p10": 0.2235264333961898,
        "p90": 0.2605904242487538
      },
      "pairwise_cosine": {
        "count": 7680,
        "mean": 0.021868418475010257,
        "median": -0.0014326979672703703,
        "p10": -0.10247094954905497,
        "p90": 0.18681843857401229
      }
    },
    "debug_pre_cross_attention_queries": {
      "hidden_norm": {
        "count": 3072,
        "mean": 11.17313585361111,
        "median": 11.152400362226281,
        "p10": 11.125372644187417,
        "p90": 11.267807525477771
      },
      "pairwise_cosine": {
        "count": 7680,
        "mean": 0.9995808861299335,
        "median": 0.9995902967111961,
        "p10": 0.9994818183299966,
        "p90": 0.9996651924805569
      }
    },
    "debug_pre_graph_queries": {
      "hidden_norm": {
        "count": 3072,
        "mean": 0.23562579621444768,
        "median": 0.23334423306670043,
        "p10": 0.2235264333961898,
        "p90": 0.2605904242487538
      },
      "pairwise_cosine": {
        "count": 7680,
        "mean": 0.021868418475010257,
        "median": -0.0014326979672703703,
        "p10": -0.10247094954905497,
        "p90": 0.18681843857401229
      }
    },
    "debug_trajectory_cross_attention_output": {
      "hidden_norm": {
        "count": 3072,
        "mean": 0.0,
        "median": 0.0,
        "p10": 0.0,
        "p90": 0.0
      },
      "pairwise_cosine": {
        "count": 7680,
        "mean": 0.0,
        "median": 0.0,
        "p10": 0.0,
        "p90": 0.0
      }
    }
  },
  "trajectory_graph": {
    "debug_final_fused_queries": {
      "hidden_norm": {
        "count": 3072,
        "mean": 11.240348247295534,
        "median": 11.235199050136778,
        "p10": 11.212848982630263,
        "p90": 11.26633908892251
      },
      "pairwise_cosine": {
        "count": 7680,
        "mean": 0.9999346980315955,
        "median": 0.999939701163753,
        "p10": 0.999891773394943,
        "p90": 0.9999651097332456
      }
    },
    "debug_graph_conditioned_queries": {
      "hidden_norm": {
        "count": 3072,
        "mean": 11.17313585361111,
        "median": 11.152400362226281,
        "p10": 11.125372644187417,
        "p90": 11.267807525477771
      },
      "pairwise_cosine": {
        "count": 7680,
        "mean": 0.9995808861299335,
        "median": 0.9995902967111961,
        "p10": 0.9994818183299966,
        "p90": 0.9996651924805569
      }
    },