{
  "actual_matched_query_is_highest_probability_ratio": 0.37349397590361444,
  "best_second_best_cost_margin": {
    "count": 83,
    "mean": 1.1411656536251666,
    "median": 1.1027512550354004,
    "p10": 0.4488527178764344,
    "p90": 1.8084650754928588
  },
  "cost_component_statistics": {
    "actual_matches": {
      "direction": {
        "count": 83,
        "mean": 0.019270073218517994,
        "median": 0.0036429166793823242,
        "p10": 0.00017541646957397466,
        "p90": 0.04641292095184325
      },
      "endpoint": {
        "count": 83,
        "mean": 0.17324637262577033,
        "median": 0.16006655991077423,
        "p10": 0.09588239639997483,
        "p90": 0.26809300184249873
      },
      "existence": {
        "count": 83,
        "mean": -0.977032508476671,
        "median": -0.9894663691520691,
        "p10": -0.9976250767707825,
        "p90": -0.9442879080772401
      }
    },
    "all_candidate_to_gt": {
      "direction": {
        "count": 498,
        "mean": 0.9597551274491123,
        "median": 0.9972305595874786,
        "p10": 0.0028135836124420165,
        "p90": 1.9921121835708617
      },
      "endpoint": {
        "count": 498,
        "mean": 0.40960572749735363,
        "median": 0.42631179094314575,
        "p10": 0.1479101598262787,
        "p90": 0.643244880437851
      },
      "existence": {
        "count": 498,
        "mean": -0.4880075961873627,
        "median": -0.24700501561164856,
        "p10": -0.9974258542060852,
        "p90": -0.0007358147413469851
      }
    }
  },
  "empty_gt_query_probability": {
    "count": 0,
    "mean": null,
    "median": null,
    "p10": null,
    "p90": null
  },
  "per_query_match_frequency": {
    "0": 29,
    "1": 9,
    "2": 18,
    "3": 27,
    "4": 0,
    "5": 0
  },
  "per_query_match_frequency_by_gt_count": {
    "count_2": {
      "0": 14,
      "1": 0,
      "2": 7,
      "3": 13,
      "4": 0,
      "5": 0
    },
    "count_ge_3": {
      "0": 15,
      "1": 9,
      "2": 11,
      "3": 14,
      "4": 0,
      "5": 0
    }
  }
}
