{
  "full": {
    "debug_final_fused_queries": {
      "hidden_norm": {
        "count": 192,
        "mean": 10.919677809987453,
        "median": 10.920007385586661,
        "p10": 10.758561445930845,
        "p90": 11.095948768103511
      },
      "pairwise_cosine": {
        "count": 480,
        "mean": 0.23679637014004082,
        "median": 0.1388919402830996,
        "p10": -0.22903429966640323,
        "p90": 0.8320819907797008
      }
    },
    "debug_graph_conditioned_queries": {
      "hidden_norm": {
        "count": 192,
        "mean": 10.699952688171384,
        "median": 10.732061643381869,
        "p10": 10.595385827202119,
        "p90": 10.790109958574575
      },
      "pairwise_cosine": {
        "count": 480,
        "mean": 0.33271288535920746,
        "median": 0.33957116801889303,
        "p10": -0.004385928358994327,
        "p90": 0.6707646006011928
      }
    },
    "debug_graph_state_contribution": {
      "hidden_norm": {
        "count": 192,
        "mean": 10.353462784620122,
        "median": 10.420100108361451,
        "p10": 10.079626014119812,
        "p90": 10.420100108361451
      },
      "pairwise_cosine": {
        "count": 480,
        "mean": 1.0,
        "median": 1.0000000000000002,
        "p10": 0.9999999999999999,
        "p90": 1.0000000000000004
      }
    },
    "debug_image_cross_attention_output": {
      "hidden_norm": {
        "count": 192,
        "mean": 6.287585012505866,
        "median": 5.845281952824314,
        "p10": 3.562370266260237,
        "p90": 9.385412518696572
      },
      "pairwise_cosine": {
        "count": 480,
        "mean": 0.2513314364618247,
        "median": 0.4293702796464322,
        "p10": -0.6589187141597951,
        "p90": 0.9974483225236719
      }
    },
    "debug_learned_query_embedding": {
      "hidden_norm": {
        "count": 192,
        "mean": 0.2835515066098148,
        "median": 0.2854574251457783,
        "p10": 0.2631115866143464,
        "p90": 0.29640455765630314
      },
      "pairwise_cosine": {
        "count": 480,
        "mean": -0.10378054323235428,
        "median": -0.13418622196709215,
        "p10": -0.3214398145200371,
        "p90": 0.13286810529537524
      }
    },
    "debug_pre_cross_attention_queries": {
      "hidden_norm": {
        "count": 192,
        "mean": 10.699952688171384,
        "median": 10.732061643381869,
        "p10": 10.595385827202119,
        "p90": 10.790109958574575
      },
      "pairwise_cosine": {
        "count": 480,
        "mean": 0.33271288535920746,
        "median": 0.33957116801889303,
        "p10": -0.004385928358994327,
        "p90": 0.6707646006011928
      }
    },
    "debug_pre_graph_queries": {
      "hidden_norm": {
        "count": 192,
        "mean": 10.440200332322023,
        "median": 10.443113118661781,
        "p10": 10.285025674657165,
        "p90": 10.56448480049748
      },
      "pairwise_cosine": {
        "count": 480,
        "mean": -0.12095403786300295,
        "median": -0.20216827439155577,
        "p10": -0.48837175060567023,
        "p90": 0.23871560405072137
      }
    },
    "debug_trajectory_cross_attention_output": {
      "hidden_norm": {
        "count": 192,
        "mean": 4.52686835460861,
        "median": 4.58750118202253,
        "p10": 2.5812461362170263,
        "p90": 6.517018631701188
      },
      "pairwise_cosine": {
        "count": 480,
        "mean": 0.6187401279197621,
        "median": 0.7588832454896817,
        "p10": 0.02823457546546747,
        "p90": 0.9784347399656536
      }
    }
  },
  "no_trajectory": {
    "debug_final_fused_queries": {
      "hidden_norm": {
        "count": 192,
        "mean": 10.921581570542182,
        "median": 10.920482631488017,
        "p10": 10.766528568298392,
        "p90": 11.09116479105488
      },
      "pairwise_cosine": {
        "count": 480,
        "mean": 0.23310150735031226,
        "median": 0.15671828021910575,
        "p10": -0.24403563897737549,
        "p90": 0.8099649839396763
      }
    },
    "debug_graph_conditioned_queries": {
      "hidden_norm": {
        "count": 192,
        "mean": 10.699952688171384,
        "median": 10.732061643381869,
        "p10": 10.595385827202119,
        "p90": 10.790109958574575
      },
      "pairwise_cosine": {
        "count": 480,
        "mean": 0.33271288535920746,
        "median": 0.33957116801889303,
        "p10": -0.004385928358994327,
        "p90": 0.6707646006011928
      }
    },
    "debug_graph_state_contribution": {
      "hidden_norm": {
        "count": 192,
        "mean": 10.353462784620122,
        "median": 10.420100108361451,
        "p10": 10.079626014119812,
        "p90": 10.420100108361451
      },
      "pairwise_cosine": {
        "count": 480,
        "mean": 1.0,
        "median": 1.0000000000000002,
        "p10": 0.9999999999999999,
        "p90": 1.0000000000000004
      }
    },
    "debug_image_cross_attention_output": {
      "hidden_norm": {
        "count": 192,
        "mean": 6.287585012505866,
        "median": 5.845281952824314,
        "p10": 3.562370266260237,
        "p90": 9.385412518696572
      },
      "pairwise_cosine": {
        "count": 480,
        "mean": 0.2513314364618247,
        "median": 0.4293702796464322,
        "p10": -0.6589187141597951,
        "p90": 0.9974483225236719
      }
    },
    "debug_learned_query_embedding": {
      "hidden_norm": {
        "count": 192,
        "mean": 0.2835515066098148,
        "median": 0.2854574251457783,
        "p10": 0.2631115866143464,
        "p90": 0.29640455765630314
      },
      "pairwise_cosine": {
        "count": 480,
        "mean": -0.10378054323235428,
        "median": -0.13418622196709215,
        "p10": -0.3214398145200371,
        "p90": 0.13286810529537524
      }
    },
    "debug_pre_cross_attention_queries": {
      "hidden_norm": {
        "count": 192,
        "mean": 10.699952688171384,
        "median": 10.732061643381869,
        "p10": 10.595385827202119,
        "p90": 10.790109958574575
      },
      "pairwise_cosine": {
        "count": 480,
        "mean": 0.33271288535920746,
        "median": 0.33957116801889303,
        "p10": -0.004385928358994327,
        "p90": 0.6707646006011928
      }
    },
    "debug_pre_graph_queries": {
      "hidden_norm": {
        "count": 192,
        "mean": 10.440200332322023,
        "median": 10.443113118661781,
        "p10": 10.285025674657165,
        "p90": 10.56448480049748
      },
      "pairwise_cosine": {
        "count": 480,
        "mean": -0.12095403786300295,
        "median": -0.20216827439155577,
        "p10": -0.48837175060567023,
        "p90": 0.23871560405072137
      }
    },
    "debug_trajectory_cross_attention_output": {
      "hidden_norm": {
        "count": 192,
        "mean": 0.0,
        "median": 0.0,
        "p10": 0.0,
        "p90": 0.0
      },
      "pairwise_cosine": {
        "count": 480,
        "mean": 0.0,
        "median": 0.0,
        "p10": 0.0,
        "p90": 0.0
      }
    }
  },
  "trajectory_graph": {
    "debug_final_fused_queries": {
      "hidden_norm": {
        "count": 192,
        "mean": 10.896153780431442,
        "median": 10.838662601897394,
        "p10": 10.767871270169813,
        "p90": 11.103039745849731
      },
      "pairwise_cosine": {
        "count": 480,
        "mean": 0.28001661267761,
        "median": 0.26751152759655095,
        "p10": -0.20944692726227204,
        "p90": 0.8198955207072667
      }
    },
    "debug_graph_conditioned_queries": {
      "hidden_norm": {
        "count": 192,
        "mean": 10.699952688171384,
        "median": 10.732061643381869,
        "p10": 10.595385827202119,
        "p90": 10.790109958574575
      },
      "pairwise_cosine": {
        "count": 480,
        "mean": 0.33271288535920746,
        "median": 0.33957116801889303,
        "p10": -0.004385928358994327,
        "p90": 0.6707646006011928
      }
    },