{
  "actual_matched_query_is_highest_probability_ratio": 0.3855421686746988,
  "best_second_best_cost_margin": {
    "count": 83,
    "mean": 1.2726738962782436,
    "median": 1.2633434534072876,
    "p10": 0.2526119112968445,
    "p90": 2.025090217590332
  },
  "cost_component_statistics": {
    "actual_matches": {
      "direction": {
        "count": 83,
        "mean": 1.021106559109975e-05,
        "median": 4.291534423828125e-06,
        "p10": 2.384185791015625e-07,
        "p90": 3.0469894409179677e-05
      },
      "endpoint": {
        "count": 83,
        "mean": 0.01867882408628083,
        "median": 0.015039637684822083,
        "p10": 0.0029225319623947155,
        "p90": 0.04007567539811134
      },
      "existence": {
        "count": 83,
        "mean": -0.9997324670653746,
        "median": -0.9998078942298889,
        "p10": -0.9999359130859375,
        "p90": -0.9994739890098572
      }
    },
    "all_candidate_to_gt": {
      "direction": {
        "count": 498,
        "mean": 0.9657268825783787,
        "median": 0.9976885318756104,
        "p10": 6.604194641113284e-06,
        "p90": 1.9980333685874938
      },
      "endpoint": {
        "count": 498,
        "mean": 0.24794601680370548,
        "median": 0.29271894693374634,
        "p10": 0.018981408514082435,
        "p90": 0.379635226726532
      },
      "existence": {
        "count": 498,
        "mean": -0.464473902753832,
        "median": -0.004775587469339371,
        "p10": -0.9999188780784607,
        "p90": -0.00040646304842084646
      }
    }
  },
  "empty_gt_query_probability": {
    "count": 0,
    "mean": null,
    "median": null,
    "p10": null,
    "p90": null
  },
  "per_query_match_frequency": {
    "0": 23,
    "1": 0,
    "2": 19,
    "3": 0,
    "4": 20,
    "5": 21
  },
  "per_query_match_frequency_by_gt_count": {
    "count_2": {
      "0": 9,
      "1": 0,
      "2": 8,
      "3": 0,
      "4": 7,
      "5": 10
    },
    "count_ge_3": {
      "0": 14,
      "1": 0,
      "2": 11,
      "3": 0,
      "4": 13,
      "5": 11
    }
  }
}
