{
  "actual_matched_query_is_highest_probability_ratio": 0.7064777327935222,
  "best_second_best_cost_margin": {
    "count": 494,
    "mean": 1.2892858432492746,
    "median": 1.1338768601417542,
    "p10": 0.8807489514350891,
    "p90": 1.9817598700523373
  },
  "cost_component_statistics": {
    "actual_matches": {
      "direction": {
        "count": 494,
        "mean": 0.015082611366804794,
        "median": 0.0014779865741729736,
        "p10": 4.2521953582763684e-05,
        "p90": 0.01371163725852966
      },
      "endpoint": {
        "count": 494,
        "mean": 0.04752602667674075,
        "median": 0.03569035977125168,
        "p10": 0.012917300779372453,
        "p90": 0.09520343840122222
      },
      "existence": {
        "count": 494,
        "mean": -0.9182149341767315,
        "median": -0.9918438792228699,
        "p10": -0.995644462108612,
        "p90": -0.8086242914199829
      }
    },
    "all_candidate_to_gt": {
      "direction": {
        "count": 2964,
        "mean": 0.7983585290620845,
        "median": 0.7576382756233215,
        "p10": 0.0018854975700378419,
        "p90": 1.880479109287262
      },
      "endpoint": {
        "count": 2964,
        "mean": 0.3007878866129148,
        "median": 0.3215150237083435,
        "p10": 0.04096785113215447,
        "p90": 0.5500969648361206
      },
      "existence": {
        "count": 2964,
        "mean": -0.3185029483385989,
        "median": -0.0072123578283935785,
        "p10": -0.9357270061969757,
        "p90": -0.0016808351967483749
      }
    }
  },
  "empty_gt_query_probability": {
    "count": 744,
    "mean": 0.1749453579162633,
    "median": 0.004000076791271567,
    "p10": 0.0016492224647663533,
    "p90": 0.7902815580368042
  },
  "per_query_match_frequency": {
    "0": 46,
    "1": 0,
    "2": 215,
    "3": 45,
    "4": 185,
    "5": 3
  },
  "per_query_match_frequency_by_gt_count": {
    "count_1": {
      "0": 5,
      "1": 0,
      "2": 170,
      "3": 4,
      "4": 138,
      "5": 0
    },
    "count_2": {
      "0": 18,
      "1": 0,
      "2": 19,
      "3": 20,
      "4": 21,
      "5": 0
    },
    "count_ge_3": {
      "0": 23,
      "1": 0,
      "2": 26,
      "3": 21,
      "4": 26,
      "5": 3
    }
  }
}
