{
  "full": {
    "debug_final_fused_queries": {
      "hidden_norm": {
        "count": 3072,
        "mean": 11.202417717404645,
        "median": 11.210100726750756,
        "p10": 11.146222018823817,
        "p90": 11.251654922690069
      },
      "pairwise_cosine": {
        "count": 7680,
        "mean": 0.5031003903614399,
        "median": 0.8023565783385894,
        "p10": -0.5194264868883164,
        "p90": 0.9586719122380183
      }
    },
    "debug_graph_conditioned_queries": {
      "hidden_norm": {
        "count": 3072,
        "mean": 11.126120322534518,
        "median": 11.12895611914803,
        "p10": 11.10483523946991,
        "p90": 11.144684369747148
      },
      "pairwise_cosine": {
        "count": 7680,
        "mean": 0.4168250263739151,
        "median": 0.4269424457362513,
        "p10": 0.1966478952239225,
        "p90": 0.6127195669024597
      }
    },
    "debug_graph_state_contribution": {
      "hidden_norm": {
        "count": 3072,
        "mean": 11.093983092830177,
        "median": 11.094084265903907,
        "p10": 11.076639685071848,
        "p90": 11.10358868808704
      },
      "pairwise_cosine": {
        "count": 7680,
        "mean": 1.0,
        "median": 0.9999999999999998,
        "p10": 0.9999999999999997,
        "p90": 1.0000000000000004
      }
    },
    "debug_image_cross_attention_output": {
      "hidden_norm": {
        "count": 3072,
        "mean": 2.575117995265692,
        "median": 2.4621233563298266,
        "p10": 2.311138769505691,
        "p90": 2.898118882201635
      },
      "pairwise_cosine": {
        "count": 7680,
        "mean": 0.9628463453958663,
        "median": 0.970641953519078,
        "p10": 0.9228436197178711,
        "p90": 0.9927113132169509
      }
    },
    "debug_learned_query_embedding": {
      "hidden_norm": {
        "count": 3072,
        "mean": 0.22919155612672695,
        "median": 0.22709671405610868,
        "p10": 0.22263039596149092,
        "p90": 0.23852736652268092
      },
      "pairwise_cosine": {
        "count": 7680,
        "mean": -0.006833539415288633,
        "median": -0.01031288321944278,
        "p10": -0.13924823919709184,
        "p90": 0.13397605919911157
      }
    },
    "debug_pre_cross_attention_queries": {
      "hidden_norm": {
        "count": 3072,
        "mean": 11.126120322534518,
        "median": 11.12895611914803,
        "p10": 11.10483523946991,
        "p90": 11.144684369747148
      },
      "pairwise_cosine": {
        "count": 7680,
        "mean": 0.4168250263739151,
        "median": 0.4269424457362513,
        "p10": 0.1966478952239225,
        "p90": 0.6127195669024597
      }
    },
    "debug_pre_graph_queries": {
      "hidden_norm": {
        "count": 3072,
        "mean": 11.023558222794017,
        "median": 11.033827383932493,
        "p10": 10.966758883389538,
        "p90": 11.060033809551046
      },
      "pairwise_cosine": {
        "count": 7680,
        "mean": -0.0410765654226293,
        "median": -0.031011088246295275,
        "p10": -0.347396339633611,
        "p90": 0.2199875597750783
      }
    },
    "debug_trajectory_cross_attention_output": {
      "hidden_norm": {
        "count": 3072,
        "mean": 2.5612901001990127,
        "median": 2.4549939801902654,
        "p10": 2.0818834825446673,
        "p90": 3.142627755638253
      },
      "pairwise_cosine": {
        "count": 7680,
        "mean": 0.9998828310893931,
        "median": 0.999954500440928,
        "p10": 0.9996920473721989,
        "p90": 0.9999967110901951
      }
    }
  },
  "no_trajectory": {
    "debug_final_fused_queries": {
      "hidden_norm": {
        "count": 3072,
        "mean": 11.202943113514714,
        "median": 11.216329764333754,
        "p10": 11.144832971461158,
        "p90": 11.251599327196525
      },
      "pairwise_cosine": {
        "count": 7680,
        "mean": 0.5017259596304942,
        "median": 0.8076675100867352,
        "p10": -0.5311231660788425,
        "p90": 0.9589506148111722
      }
    },
    "debug_graph_conditioned_queries": {
      "hidden_norm": {
        "count": 3072,
        "mean": 11.126120322534518,
        "median": 11.12895611914803,
        "p10": 11.10483523946991,
        "p90": 11.144684369747148
      },
      "pairwise_cosine": {
        "count": 7680,
        "mean": 0.4168250263739151,
        "median": 0.4269424457362513,
        "p10": 0.1966478952239225,
        "p90": 0.6127195669024597
      }
    },
    "debug_graph_state_contribution": {
      "hidden_norm": {
        "count": 3072,
        "mean": 11.093983092830177,
        "median": 11.094084265903907,
        "p10": 11.076639685071848,
        "p90": 11.10358868808704
      },
      "pairwise_cosine": {
        "count": 7680,
        "mean": 1.0,
        "median": 0.9999999999999998,
        "p10": 0.9999999999999997,
        "p90": 1.0000000000000004
      }
    },
    "debug_image_cross_attention_output": {
      "hidden_norm": {
        "count": 3072,
        "mean": 2.575117995265692,
        "median": 2.4621233563298266,
        "p10": 2.311138769505691,
        "p90": 2.898118882201635
      },
      "pairwise_cosine": {
        "count": 7680,
        "mean": 0.9628463453958663,
        "median": 0.970641953519078,
        "p10": 0.9228436197178711,
        "p90": 0.9927113132169509
      }
    },
    "debug_learned_query_embedding": {
      "hidden_norm": {
        "count": 3072,
        "mean": 0.22919155612672695,
        "median": 0.22709671405610868,
        "p10": 0.22263039596149092,
        "p90": 0.23852736652268092
      },
      "pairwise_cosine": {
        "count": 7680,
        "mean": -0.006833539415288633,
        "median": -0.01031288321944278,
        "p10": -0.13924823919709184,
        "p90": 0.13397605919911157
      }
    },
    "debug_pre_cross_attention_queries": {
      "hidden_norm": {
        "count": 3072,
        "mean": 11.126120322534518,
        "median": 11.12895611914803,
        "p10": 11.10483523946991,
        "p90": 11.144684369747148
      },
      "pairwise_cosine": {
        "count": 7680,
        "mean": 0.4168250263739151,
        "median": 0.4269424457362513,
        "p10": 0.1966478952239225,
        "p90": 0.6127195669024597
      }
    },
    "debug_pre_graph_queries": {
      "hidden_norm": {
        "count": 3072,
        "mean": 11.023558222794017,
        "median": 11.033827383932493,
        "p10": 10.966758883389538,
        "p90": 11.060033809551046
      },
      "pairwise_cosine": {
        "count": 7680,
        "mean": -0.0410765654226293,
        "median": -0.031011088246295275,
        "p10": -0.347396339633611,
        "p90": 0.2199875597750783
      }
    },
    "debug_trajectory_cross_attention_output": {
      "hidden_norm": {
        "count": 3072,
        "mean": 0.0,
        "median": 0.0,
        "p10": 0.0,
        "p90": 0.0
      },
      "pairwise_cosine": {
        "count": 7680,
        "mean": 0.0,
        "median": 0.0,
        "p10": 0.0,
        "p90": 0.0
      }
    }
  },
  "trajectory_graph": {
    "debug_final_fused_queries": {
      "hidden_norm": {
        "count": 3072,
        "mean": 11.20045341271007,
        "median": 11.208834628796659,
        "p10": 11.146493772808308,
        "p90": 11.250131377890638
      },
      "pairwise_cosine": {
        "count": 7680,
        "mean": 0.4903959846296353,
        "median": 0.7828705219942768,
        "p10": -0.502431254773752,
        "p90": 0.9518235819259513
      }
    },
    "debug_graph_conditioned_queries": {
      "hidden_norm": {
        "count": 3072,
        "mean": 11.126120322534518,
        "median": 11.12895611914803,
        "p10": 11.10483523946991,
        "p90": 11.144684369747148
      },
      "pairwise_cosine": {
        "count": 7680,
        "mean": 0.4168250263739151,
        "median": 0.4269424457362513,
        "p10": 0.1966478952239225,
        "p90": 0.6127195669024597
      }
    },