{
  "actual_matched_query_is_highest_probability_ratio": 0.1902834008097166,
  "best_second_best_cost_margin": {
    "count": 494,
    "mean": 0.007679808424853603,
    "median": 0.002331264317035675,
    "p10": 0.00038238018751144407,
    "p90": 0.02354841828346252
  },
  "cost_component_statistics": {
    "actual_matches": {
      "direction": {
        "count": 494,
        "mean": 0.36239702064498713,
        "median": 0.008289217948913574,
        "p10": 0.00015478134155273439,
        "p90": 1.6422423601150513
      },
      "endpoint": {
        "count": 494,
        "mean": 0.1324471687626561,
        "median": 0.12198037654161453,
        "p10": 0.04750567637383938,
        "p90": 0.22688128799200058
      },
      "existence": {
        "count": 494,
        "mean": -0.19204787252780034,
        "median": -0.101777084171772,
        "p10": -0.37202819585800173,
        "p90": -0.07769578471779824
      }
    },
    "all_candidate_to_gt": {
      "direction": {
        "count": 2964,
        "mean": 0.37612343614722393,
        "median": 0.008538782596588135,
        "p10": 0.00017520785331726074,
        "p90": 1.6809442162513732
      },
      "endpoint": {
        "count": 2964,
        "mean": 0.13433234088057489,
        "median": 0.12338140234351158,
        "p10": 0.048762765154242514,
        "p90": 0.22868755459785461
      },
      "existence": {
        "count": 2964,
        "mean": -0.19116386583177988,
        "median": -0.10100719332695007,
        "p10": -0.3714870989322662,
        "p90": -0.07646081224083899
      }
    }
  },
  "empty_gt_query_probability": {
    "count": 744,
    "mean": 0.1111336319797462,
    "median": 0.04377557896077633,
    "p10": 0.0012331158621236682,
    "p90": 0.3712981462478638
  },
  "per_query_match_frequency": {
    "0": 168,
    "1": 102,
    "2": 59,
    "3": 104,
    "4": 0,
    "5": 61
  },
  "per_query_match_frequency_by_gt_count": {
    "count_1": {
      "0": 138,
      "1": 72,
      "2": 57,
      "3": 44,
      "4": 0,
      "5": 6
    },
    "count_2": {
      "0": 14,
      "1": 11,
      "2": 0,
      "3": 30,
      "4": 0,
      "5": 23
    },
    "count_ge_3": {
      "0": 16,
      "1": 19,
      "2": 2,
      "3": 30,
      "4": 0,
      "5": 32
    }
  }
}
