{
  "full": {
    "debug_final_fused_queries": {
      "hidden_norm": {
        "count": 3072,
        "mean": 11.251895680405154,
        "median": 11.25007713371784,
        "p10": 11.235804847803886,
        "p90": 11.270318226777711
      },
      "pairwise_cosine": {
        "count": 7680,
        "mean": 0.9999413459529952,
        "median": 0.9999363359741349,
        "p10": 0.9999079616774401,
        "p90": 0.9999770369574299
      }
    },
    "debug_graph_conditioned_queries": {
      "hidden_norm": {
        "count": 3072,
        "mean": 11.194656333413533,
        "median": 11.164380363897218,
        "p10": 11.156477502859778,
        "p90": 11.294210932214135
      },
      "pairwise_cosine": {
        "count": 7680,
        "mean": 0.9996069354221419,
        "median": 0.9996067054019792,
        "p10": 0.9995640141714334,
        "p90": 0.9996615303952291
      }
    },
    "debug_graph_state_contribution": {
      "hidden_norm": {
        "count": 3072,
        "mean": 11.21403018362068,
        "median": 11.19116349564776,
        "p10": 11.180045361533034,
        "p90": 11.287990920635965
      },
      "pairwise_cosine": {
        "count": 7680,
        "mean": 0.9999999999999999,
        "median": 0.9999999999999998,
        "p10": 0.9999999999999994,
        "p90": 1.0000000000000002
      }
    },
    "debug_image_cross_attention_output": {
      "hidden_norm": {
        "count": 3072,
        "mean": 6.5252213390452285,
        "median": 6.6308888362154494,
        "p10": 5.986151658968894,
        "p90": 6.96387139797465
      },
      "pairwise_cosine": {
        "count": 7680,
        "mean": 0.9999994155478037,
        "median": 0.9999998001302461,
        "p10": 0.9999987688449117,
        "p90": 0.9999999047509732
      }
    },
    "debug_learned_query_embedding": {
      "hidden_norm": {
        "count": 3072,
        "mean": 0.23007052958391863,
        "median": 0.23148810322901064,
        "p10": 0.2211450318252923,
        "p90": 0.23862804145520697
      },
      "pairwise_cosine": {
        "count": 7680,
        "mean": 0.03500435057625457,
        "median": 0.014610549744366205,
        "p10": -0.0724085655624306,
        "p90": 0.15560668601276
      }
    },
    "debug_pre_cross_attention_queries": {
      "hidden_norm": {
        "count": 3072,
        "mean": 11.194656333413533,
        "median": 11.164380363897218,
        "p10": 11.156477502859778,
        "p90": 11.294210932214135
      },
      "pairwise_cosine": {
        "count": 7680,
        "mean": 0.9996069354221419,
        "median": 0.9996067054019792,
        "p10": 0.9995640141714334,
        "p90": 0.9996615303952291
      }
    },
    "debug_pre_graph_queries": {
      "hidden_norm": {
        "count": 3072,
        "mean": 0.23007052958391863,
        "median": 0.23148810322901064,
        "p10": 0.2211450318252923,
        "p90": 0.23862804145520697
      },
      "pairwise_cosine": {
        "count": 7680,
        "mean": 0.03500435057625457,
        "median": 0.014610549744366205,
        "p10": -0.0724085655624306,
        "p90": 0.15560668601276
      }
    },
    "debug_trajectory_cross_attention_output": {
      "hidden_norm": {
        "count": 3072,
        "mean": 3.975868282257991,
        "median": 3.9745926048897067,
        "p10": 3.9275016242012235,
        "p90": 4.029824010630442
      },
      "pairwise_cosine": {
        "count": 7680,
        "mean": 0.9999999999215636,
        "median": 0.999999999948224,
        "p10": 0.9999999998272464,
        "p90": 0.9999999999839457
      }
    }
  },
  "no_trajectory": {
    "debug_final_fused_queries": {
      "hidden_norm": {
        "count": 3072,
        "mean": 11.251951384283254,
        "median": 11.247046127551181,
        "p10": 11.235128714647612,
        "p90": 11.270426682046004
      },
      "pairwise_cosine": {
        "count": 7680,
        "mean": 0.9999354965729486,
        "median": 0.9999302796417222,
        "p10": 0.9999017097793994,
        "p90": 0.9999723190214765
      }
    },
    "debug_graph_conditioned_queries": {
      "hidden_norm": {
        "count": 3072,
        "mean": 11.194656333413533,
        "median": 11.164380363897218,
        "p10": 11.156477502859778,
        "p90": 11.294210932214135
      },
      "pairwise_cosine": {
        "count": 7680,
        "mean": 0.9996069354221419,
        "median": 0.9996067054019792,
        "p10": 0.9995640141714334,
        "p90": 0.9996615303952291
      }
    },
    "debug_graph_state_contribution": {
      "hidden_norm": {
        "count": 3072,
        "mean": 11.21403018362068,
        "median": 11.19116349564776,
        "p10": 11.180045361533034,
        "p90": 11.287990920635965
      },
      "pairwise_cosine": {
        "count": 7680,
        "mean": 0.9999999999999999,
        "median": 0.9999999999999998,
        "p10": 0.9999999999999994,
        "p90": 1.0000000000000002
      }
    },
    "debug_image_cross_attention_output": {
      "hidden_norm": {
        "count": 3072,
        "mean": 6.5252213390452285,
        "median": 6.6308888362154494,
        "p10": 5.986151658968894,
        "p90": 6.96387139797465
      },
      "pairwise_cosine": {
        "count": 7680,
        "mean": 0.9999994155478037,
        "median": 0.9999998001302461,
        "p10": 0.9999987688449117,
        "p90": 0.9999999047509732
      }
    },
    "debug_learned_query_embedding": {
      "hidden_norm": {
        "count": 3072,
        "mean": 0.23007052958391863,
        "median": 0.23148810322901064,
        "p10": 0.2211450318252923,
        "p90": 0.23862804145520697
      },
      "pairwise_cosine": {
        "count": 7680,
        "mean": 0.03500435057625457,
        "median": 0.014610549744366205,
        "p10": -0.0724085655624306,
        "p90": 0.15560668601276
      }
    },
    "debug_pre_cross_attention_queries": {
      "hidden_norm": {
        "count": 3072,
        "mean": 11.194656333413533,
        "median": 11.164380363897218,
        "p10": 11.156477502859778,
        "p90": 11.294210932214135
      },
      "pairwise_cosine": {
        "count": 7680,
        "mean": 0.9996069354221419,
        "median": 0.9996067054019792,
        "p10": 0.9995640141714334,
        "p90": 0.9996615303952291
      }
    },
    "debug_pre_graph_queries": {
      "hidden_norm": {
        "count": 3072,
        "mean": 0.23007052958391863,
        "median": 0.23148810322901064,
        "p10": 0.2211450318252923,
        "p90": 0.23862804145520697
      },
      "pairwise_cosine": {
        "count": 7680,
        "mean": 0.03500435057625457,
        "median": 0.014610549744366205,
        "p10": -0.0724085655624306,
        "p90": 0.15560668601276
      }
    },
    "debug_trajectory_cross_attention_output": {
      "hidden_norm": {
        "count": 3072,
        "mean": 0.0,
        "median": 0.0,
        "p10": 0.0,
        "p90": 0.0
      },
      "pairwise_cosine": {
        "count": 7680,
        "mean": 0.0,
        "median": 0.0,
        "p10": 0.0,
        "p90": 0.0
      }
    }
  },
  "trajectory_graph": {
    "debug_final_fused_queries": {
      "hidden_norm": {
        "count": 3072,
        "mean": 11.261526009838592,
        "median": 11.256293653100087,
        "p10": 11.24031335408098,
        "p90": 11.283040262052065
      },
      "pairwise_cosine": {
        "count": 7680,
        "mean": 0.99993095063129,
        "median": 0.9999292326639073,
        "p10": 0.9999028334249369,
        "p90": 0.9999630486348657
      }
    },
    "debug_graph_conditioned_queries": {
      "hidden_norm": {
        "count": 3072,
        "mean": 11.194656333413533,
        "median": 11.164380363897218,
        "p10": 11.156477502859778,
        "p90": 11.294210932214135
      },
      "pairwise_cosine": {
        "count": 7680,
        "mean": 0.9996069354221419,
        "median": 0.9996067054019792,
        "p10": 0.9995640141714334,
        "p90": 0.9996615303952291
      }
    },