{
  "GT_branch_count": 83,
  "branch_ap": 0.41687574806066136,
  "branch_ap_by_modality": {
    "full": 0.41687574806066136,
    "no_trajectory": 0.4858731185972966,
    "trajectory_graph": 0.21533047798227195
  },
  "checkpoint": "/home/wangziyu/VecRoad_self/data_self/stage3c_r1/m4/sanity_overfit.pth.tar",
  "checkpoint_epoch": 600,
  "checkpoint_state_dict_key_counts": {
    "branch_decoder": 43,
    "graph_state_encoder": 12,
    "trajectory_encoder": 31
  },
  "cost_component_statistics": {
    "actual_matches": {
      "direction": {
        "count": 83,
        "mean": 0.019270073218517994,
        "median": 0.0036429166793823242,
        "p10": 0.00017541646957397466,
        "p90": 0.04641292095184325
      },
      "endpoint": {
        "count": 83,
        "mean": 0.17324637262577033,
        "median": 0.16006655991077423,
        "p10": 0.09588239639997483,
        "p90": 0.26809300184249873
      },
      "existence": {
        "count": 83,
        "mean": -0.977032508476671,
        "median": -0.9894663691520691,
        "p10": -0.9976250767707825,
        "p90": -0.9442879080772401
      }
    },
    "all_candidate_to_gt": {
      "direction": {
        "count": 498,
        "mean": 0.9597551274491123,
        "median": 0.9972305595874786,
        "p10": 0.0028135836124420165,
        "p90": 1.9921121835708617
      },
      "endpoint": {
        "count": 498,
        "mean": 0.40960572749735363,
        "median": 0.42631179094314575,
        "p10": 0.1479101598262787,
        "p90": 0.643244880437851
      },
      "existence": {
        "count": 498,
        "mean": -0.4880075961873627,
        "median": -0.24700501561164856,
        "p10": -0.9974258542060852,
        "p90": -0.0007358147413469851
      }
    }
  },
  "dataset_indices": [
    0,
    1,
    2,
    6,
    13,
    21,
    24,
    29,
    33,
    34,
    35,
    36,
    37,
    42,
    44,
    47,
    70,
    71,
    75,
    76,
    79,
    81,
    83,
    89,
    91,
    94,
    103,
    106,
    110,
    111,
    112,
    115
  ],
  "dataset_split": "train",
  "diagnostic_threshold": 0.5,
  "duplicates": {
    "actual_matched": {
      "duplicate_pair_count": 1,
      "duplicate_pair_ratio": 0.013513513513513514,
      "nodes_with_duplicates": 1,
      "nodes_with_duplicates_ratio": 0.03125,
      "nodes_with_multiple_predictions": 32,
      "pair_count": 74
    },
    "geometry_reference_matched": {
      "duplicate_pair_count": 1,
      "duplicate_pair_ratio": 0.013513513513513514,
      "nodes_with_duplicates": 1,
      "nodes_with_duplicates_ratio": 0.03125,
      "nodes_with_multiple_predictions": 32,
      "pair_count": 74
    },
    "oracle_k": {
      "duplicate_pair_count": 1,
      "duplicate_pair_ratio": 0.013513513513513514,
      "nodes_with_duplicates": 1,
      "nodes_with_duplicates_ratio": 0.03125,
      "nodes_with_multiple_predictions": 32,
      "pair_count": 74
    },
    "thresholded": {
      "duplicate_pair_count": 1,
      "duplicate_pair_ratio": 0.011111111111111112,
      "nodes_with_duplicates": 1,
      "nodes_with_duplicates_ratio": 0.03125,
      "nodes_with_multiple_predictions": 32,
      "pair_count": 90
    }
  },
  "ece": 0.027889834568971622,
  "ece_geometry_reference": 0.11305544765248973,
  "elapsed_seconds": 0.2312279788311571,
  "exact_count_accuracy": 0.8125,
  "extra_branch_rate": 0.42696629213483145,
  "geometry_reference_matched_duplicate_ratio": 0.013513513513513514,
  "geometry_reference_matched_probability": {
    "count": 83,
    "mean": 0.8726470690404334,
    "median": 0.9889206290245056,
    "p10": 0.14815762042999336,
    "p90": 0.9976250767707825
  },
  "geometry_reference_unmatched_probability": {
    "count": 109,
    "mean": 0.1435993017907545,
    "median": 0.0033921136055141687,
    "p10": 0.0006731879548169672,
    "p90": 0.9287208676338196
  },
  "image_checkpoint": "/home/wangziyu/VecRoad-master/data/ckpt/vecroad.pth.tar",
  "matched_duplicate_ratio": 0.013513513513513514,
  "matched_logit": {
    "count": 83,
    "mean": 4.523893617003797,
    "median": 4.542595386505127,
    "p10": 2.832787322998047,
    "p90": 6.040387344360352
  },
  "matched_prob_mean": 0.977032508476671,
  "matched_prob_median": 0.9894663691520691,
  "matched_probability": {
    "count": 83,
    "mean": 0.977032508476671,
    "median": 0.9894663691520691,
    "p10": 0.94428790807724,
    "p90": 0.9976250767707825
  },
  "metrics_by_GT_count": {
    "count_0": {
      "sample_count": 0
    },
    "count_1": {
      "sample_count": 0
    },
    "count_2": {
      "branch_ap": 0.29410058895353014,
      "duplicates": {
        "actual_matched": {
          "duplicate_pair_count": 0,
          "duplicate_pair_ratio": 0.0,
          "nodes_with_duplicates": 0,
          "nodes_with_duplicates_ratio": 0.0,
          "nodes_with_multiple_predictions": 17,
          "pair_count": 17
        },
        "geometry_reference_matched": {
          "duplicate_pair_count": 0,
          "duplicate_pair_ratio": 0.0,
          "nodes_with_duplicates": 0,
          "nodes_with_duplicates_ratio": 0.0,
          "nodes_with_multiple_predictions": 17,
          "pair_count": 17
        },
        "oracle_k": {
          "duplicate_pair_count": 0,
          "duplicate_pair_ratio": 0.0,
          "nodes_with_duplicates": 0,
          "nodes_with_duplicates_ratio": 0.0,
          "nodes_with_multiple_predictions": 17,
          "pair_count": 17
        },
        "thresholded": {
          "duplicate_pair_count": 0,
          "duplicate_pair_ratio": 0.0,
          "nodes_with_duplicates": 0,
          "nodes_with_duplicates_ratio": 0.0,
          "nodes_with_multiple_predictions": 17,
          "pair_count": 21
        }
      },
      "gt_branch_count": 34,
      "oracle_k": {
        "direction_error": {
          "count": 34,
          "mean": 8.12001193179108,
          "median": 3.8919895481770252,
          "p10": 1.3460584844421608,
          "p90": 15.73909220740716
        },
        "distinct_gt_coverage": 0.47058823529411764,
        "duplicates": {
          "duplicate_pair_count": 0,
          "duplicate_pair_ratio": 0.0,
          "nodes_with_duplicates": 0,
          "nodes_with_duplicates_ratio": 0.0,
          "nodes_with_multiple_predictions": 17,
          "pair_count": 17
        },
        "endpoint_error": {
          "count": 34,
          "mean": 22.37349466806196,
          "median": 21.52513865550625,
          "p10": 11.915389667572567,
          "p90": 33.236347936336514
        },
        "gt_branch_count": 34,
        "recall": 0.47058823529411764,
        "true_positive": 16
      },
      "sample_count": 17
    },
    "count_ge_2": {
      "branch_ap": 0.41687574806066136,
      "duplicates": {
        "actual_matched": {
          "duplicate_pair_count": 1,
          "duplicate_pair_ratio": 0.013513513513513514,
          "nodes_with_duplicates": 1,
          "nodes_with_duplicates_ratio": 0.03125,
          "nodes_with_multiple_predictions": 32,
          "pair_count": 74
        },
        "geometry_reference_matched": {
          "duplicate_pair_count": 1,
          "duplicate_pair_ratio": 0.013513513513513514,
          "nodes_with_duplicates": 1,
          "nodes_with_duplicates_ratio": 0.03125,
          "nodes_with_multiple_predictions": 32,
          "pair_count": 74
        },
        "oracle_k": {
          "duplicate_pair_count": 1,
          "duplicate_pair_ratio": 0.013513513513513514,
          "nodes_with_duplicates": 1,
          "nodes_with_duplicates_ratio": 0.03125,
          "nodes_with_multiple_predictions": 32,
          "pair_count": 74
        },
        "thresholded": {
          "duplicate_pair_count": 1,
          "duplicate_pair_ratio": 0.011111111111111112,
          "nodes_with_duplicates": 1,
          "nodes_with_duplicates_ratio": 0.03125,
          "nodes_with_multiple_predictions": 32,
          "pair_count": 90
        }
      },
      "gt_branch_count": 83,