{
  "full": {
    "debug_final_fused_queries": {
      "hidden_norm": {
        "count": 192,
        "mean": 11.053213494682064,
        "median": 11.015275729192606,
        "p10": 10.728549216079923,
        "p90": 11.341631645115784
      },
      "pairwise_cosine": {
        "count": 480,
        "mean": 0.3489009778014129,
        "median": 0.13836408671301237,
        "p10": -0.058153249347057644,
        "p90": 0.9868780219311728
      }
    },
    "debug_graph_conditioned_queries": {
      "hidden_norm": {
        "count": 192,
        "mean": 10.796312605233112,
        "median": 10.800496459243012,
        "p10": 10.714446903845234,
        "p90": 10.909192642796281
      },
      "pairwise_cosine": {
        "count": 480,
        "mean": 0.983840190469785,
        "median": 0.989097904943977,
        "p10": 0.9630244417029329,
        "p90": 0.996886878633149
      }
    },
    "debug_graph_state_contribution": {
      "hidden_norm": {
        "count": 192,
        "mean": 9.753483172640221,
        "median": 9.74931222379305,
        "p10": 9.591391457926465,
        "p90": 10.02461250402283
      },
      "pairwise_cosine": {
        "count": 480,
        "mean": 1.0,
        "median": 0.9999999999999997,
        "p10": 0.9999999999999997,
        "p90": 1.0000000000000002
      }
    },
    "debug_image_cross_attention_output": {
      "hidden_norm": {
        "count": 192,
        "mean": 12.590148843959314,
        "median": 10.841369693151604,
        "p10": 6.861792678726269,
        "p90": 19.791354569521605
      },
      "pairwise_cosine": {
        "count": 480,
        "mean": 0.2616901048927006,
        "median": 0.2218258857432798,
        "p10": -0.566190969962744,
        "p90": 0.9703039058305131
      }
    },
    "debug_learned_query_embedding": {
      "hidden_norm": {
        "count": 192,
        "mean": 1.014881208307586,
        "median": 1.0162325312895917,
        "p10": 0.45873834149198345,
        "p90": 1.6883025695472789
      },
      "pairwise_cosine": {
        "count": 480,
        "mean": -0.1552069400735564,
        "median": -0.4500956703696323,
        "p10": -0.8457537663405023,
        "p90": 0.7169337023756643
      }
    },
    "debug_pre_cross_attention_queries": {
      "hidden_norm": {
        "count": 192,
        "mean": 10.796312605233112,
        "median": 10.800496459243012,
        "p10": 10.714446903845234,
        "p90": 10.909192642796281
      },
      "pairwise_cosine": {
        "count": 480,
        "mean": 0.983840190469785,
        "median": 0.989097904943977,
        "p10": 0.9630244417029329,
        "p90": 0.996886878633149
      }
    },
    "debug_pre_graph_queries": {
      "hidden_norm": {
        "count": 192,
        "mean": 1.014881208307586,
        "median": 1.0162325312895917,
        "p10": 0.45873834149198345,
        "p90": 1.6883025695472789
      },
      "pairwise_cosine": {
        "count": 480,
        "mean": -0.1552069400735564,
        "median": -0.4500956703696323,
        "p10": -0.8457537663405023,
        "p90": 0.7169337023756643
      }
    },
    "debug_trajectory_cross_attention_output": {
      "hidden_norm": {
        "count": 192,
        "mean": 7.628458235900152,
        "median": 6.259095340826271,
        "p10": 4.242001810286682,
        "p90": 12.675523055376969
      },
      "pairwise_cosine": {
        "count": 480,
        "mean": 0.6943636218339766,
        "median": 0.9073950323051021,
        "p10": -0.029987976159976858,
        "p90": 0.999816887505067
      }
    }
  },
  "no_trajectory": {
    "debug_final_fused_queries": {
      "hidden_norm": {
        "count": 192,
        "mean": 11.09904834998661,
        "median": 11.029661674903537,
        "p10": 10.835817033375985,
        "p90": 11.349811159358831
      },
      "pairwise_cosine": {
        "count": 480,
        "mean": 0.3259387495061057,
        "median": 0.007551166154455079,
        "p10": -0.06127952453823349,
        "p90": 0.9906072302077438
      }
    },
    "debug_graph_conditioned_queries": {
      "hidden_norm": {
        "count": 192,
        "mean": 10.796312605233112,
        "median": 10.800496459243012,
        "p10": 10.714446903845234,
        "p90": 10.909192642796281
      },
      "pairwise_cosine": {
        "count": 480,
        "mean": 0.983840190469785,
        "median": 0.989097904943977,
        "p10": 0.9630244417029329,
        "p90": 0.996886878633149
      }
    },
    "debug_graph_state_contribution": {
      "hidden_norm": {
        "count": 192,
        "mean": 9.753483172640221,
        "median": 9.74931222379305,
        "p10": 9.591391457926465,
        "p90": 10.02461250402283
      },
      "pairwise_cosine": {
        "count": 480,
        "mean": 1.0,
        "median": 0.9999999999999997,
        "p10": 0.9999999999999997,
        "p90": 1.0000000000000002
      }
    },
    "debug_image_cross_attention_output": {
      "hidden_norm": {
        "count": 192,
        "mean": 12.590148843959314,
        "median": 10.841369693151604,
        "p10": 6.861792678726269,
        "p90": 19.791354569521605
      },
      "pairwise_cosine": {
        "count": 480,
        "mean": 0.2616901048927006,
        "median": 0.2218258857432798,
        "p10": -0.566190969962744,
        "p90": 0.9703039058305131
      }
    },
    "debug_learned_query_embedding": {
      "hidden_norm": {
        "count": 192,
        "mean": 1.014881208307586,
        "median": 1.0162325312895917,
        "p10": 0.45873834149198345,
        "p90": 1.6883025695472789
      },
      "pairwise_cosine": {
        "count": 480,
        "mean": -0.1552069400735564,
        "median": -0.4500956703696323,
        "p10": -0.8457537663405023,
        "p90": 0.7169337023756643
      }
    },
    "debug_pre_cross_attention_queries": {
      "hidden_norm": {
        "count": 192,
        "mean": 10.796312605233112,
        "median": 10.800496459243012,
        "p10": 10.714446903845234,
        "p90": 10.909192642796281
      },
      "pairwise_cosine": {
        "count": 480,
        "mean": 0.983840190469785,
        "median": 0.989097904943977,
        "p10": 0.9630244417029329,
        "p90": 0.996886878633149
      }
    },
    "debug_pre_graph_queries": {
      "hidden_norm": {
        "count": 192,
        "mean": 1.014881208307586,
        "median": 1.0162325312895917,
        "p10": 0.45873834149198345,
        "p90": 1.6883025695472789
      },
      "pairwise_cosine": {
        "count": 480,
        "mean": -0.1552069400735564,
        "median": -0.4500956703696323,
        "p10": -0.8457537663405023,
        "p90": 0.7169337023756643
      }
    },
    "debug_trajectory_cross_attention_output": {
      "hidden_norm": {
        "count": 192,
        "mean": 0.0,
        "median": 0.0,
        "p10": 0.0,
        "p90": 0.0
      },
      "pairwise_cosine": {
        "count": 480,
        "mean": 0.0,
        "median": 0.0,
        "p10": 0.0,
        "p90": 0.0
      }
    }
  },
  "trajectory_graph": {
    "debug_final_fused_queries": {
      "hidden_norm": {
        "count": 192,
        "mean": 10.862854252325915,
        "median": 10.895131421586902,
        "p10": 10.658987332535936,
        "p90": 11.027895819569583
      },
      "pairwise_cosine": {
        "count": 480,
        "mean": 0.8046811352006142,
        "median": 0.9009651937694746,
        "p10": 0.37006183982086677,
        "p90": 0.9871065061238364
      }
    },
    "debug_graph_conditioned_queries": {
      "hidden_norm": {
        "count": 192,
        "mean": 10.796312605233112,
        "median": 10.800496459243012,
        "p10": 10.714446903845234,
        "p90": 10.909192642796281
      },
      "pairwise_cosine": {
        "count": 480,
        "mean": 0.983840190469785,
        "median": 0.989097904943977,
        "p10": 0.9630244417029329,
        "p90": 0.996886878633149
      }
    },
    "debug_graph_state_contribution": {
      "hidden_norm": {
        "count": 192,