{
  "actual_matched_query_is_highest_probability_ratio": 0.2834008097165992,
  "best_second_best_cost_margin": {
    "count": 494,
    "mean": 0.002901687252859355,
    "median": 0.0017080232501029968,
    "p10": 0.00029822140932083134,
    "p90": 0.0056500077247619625
  },
  "cost_component_statistics": {
    "actual_matches": {
      "direction": {
        "count": 494,
        "mean": 0.421383737673161,
        "median": 0.014944732189178467,
        "p10": 3.702640533447266e-05,
        "p90": 1.7772624731063842
      },
      "endpoint": {
        "count": 494,
        "mean": 0.1844935451562588,
        "median": 0.15714621543884277,
        "p10": 0.11337564364075661,
        "p90": 0.35878201127052306
      },
      "existence": {
        "count": 494,
        "mean": -0.6014751352761921,
        "median": -0.5170912146568298,
        "p10": -0.8124807476997375,
        "p90": -0.42816829681396484
      }
    },
    "all_candidate_to_gt": {
      "direction": {
        "count": 2964,
        "mean": 0.42679799196288976,
        "median": 0.015816450119018555,
        "p10": 6.295442581176758e-05,
        "p90": 1.789030158519745
      },
      "endpoint": {
        "count": 2964,
        "mean": 0.18609443431601994,
        "median": 0.1590930074453354,
        "p10": 0.11557617634534836,
        "p90": 0.35869776606559756
      },
      "existence": {
        "count": 2964,
        "mean": -0.6008967687243875,
        "median": -0.5156029462814331,
        "p10": -0.8123586773872375,
        "p90": -0.4276415467262268
      }
    }
  },
  "empty_gt_query_probability": {
    "count": 744,
    "mean": 0.33413175574781734,
    "median": 0.32555584609508514,
    "p10": 0.01003891034051776,
    "p90": 0.810001277923584
  },
  "per_query_match_frequency": {
    "0": 55,
    "1": 59,
    "2": 109,
    "3": 23,
    "4": 139,
    "5": 109
  },
  "per_query_match_frequency_by_gt_count": {
    "count_1": {
      "0": 37,
      "1": 55,
      "2": 49,
      "3": 5,
      "4": 127,
      "5": 44
    },
    "count_2": {
      "0": 5,
      "1": 1,
      "2": 29,
      "3": 3,
      "4": 7,
      "5": 33
    },
    "count_ge_3": {
      "0": 13,
      "1": 3,
      "2": 31,
      "3": 15,
      "4": 5,
      "5": 32
    }
  }
}
