{
  "full": {
    "debug_final_fused_queries": {
      "hidden_norm": {
        "count": 3072,
        "mean": 11.277370887217442,
        "median": 11.270851009226629,
        "p10": 11.264910551063512,
        "p90": 11.28697008298939
      },
      "pairwise_cosine": {
        "count": 7680,
        "mean": 0.9999440605953843,
        "median": 0.9999443057232715,
        "p10": 0.999921655749316,
        "p90": 0.999968799741211
      }
    },
    "debug_graph_conditioned_queries": {
      "hidden_norm": {
        "count": 3072,
        "mean": 11.273824967220719,
        "median": 11.26454228304178,
        "p10": 11.246976225856269,
        "p90": 11.331756346113705
      },
      "pairwise_cosine": {
        "count": 7680,
        "mean": 0.999632047176849,
        "median": 0.9996307647287823,
        "p10": 0.9995903275105854,
        "p90": 0.9996740724295254
      }
    },
    "debug_graph_state_contribution": {
      "hidden_norm": {
        "count": 3072,
        "mean": 11.282205024250805,
        "median": 11.274411641689294,
        "p10": 11.254785884120365,
        "p90": 11.333241493309888
      },
      "pairwise_cosine": {
        "count": 7680,
        "mean": 1.0,
        "median": 0.9999999999999998,
        "p10": 0.9999999999999994,
        "p90": 1.0000000000000002
      }
    },
    "debug_image_cross_attention_output": {
      "hidden_norm": {
        "count": 3072,
        "mean": 5.094782058811339,
        "median": 5.157388509000716,
        "p10": 4.810221822510129,
        "p90": 5.274916316053944
      },
      "pairwise_cosine": {
        "count": 7680,
        "mean": 0.9999986857052203,
        "median": 0.9999993603744899,
        "p10": 0.9999980378377787,
        "p90": 0.9999996403088917
      }
    },
    "debug_learned_query_embedding": {
      "hidden_norm": {
        "count": 3072,
        "mean": 0.22491712000768835,
        "median": 0.22530898945610933,
        "p10": 0.2132022236657894,
        "p90": 0.23505909864353236
      },
      "pairwise_cosine": {
        "count": 7680,
        "mean": 0.0455741776390527,
        "median": 0.051545165536382415,
        "p10": -0.039222764786777976,
        "p90": 0.14515274305656511
      }
    },
    "debug_pre_cross_attention_queries": {
      "hidden_norm": {
        "count": 3072,
        "mean": 11.273824967220719,
        "median": 11.26454228304178,
        "p10": 11.246976225856269,
        "p90": 11.331756346113705
      },
      "pairwise_cosine": {
        "count": 7680,
        "mean": 0.999632047176849,
        "median": 0.9996307647287823,
        "p10": 0.9995903275105854,
        "p90": 0.9996740724295254
      }
    },
    "debug_pre_graph_queries": {
      "hidden_norm": {
        "count": 3072,
        "mean": 0.22491712000768835,
        "median": 0.22530898945610933,
        "p10": 0.2132022236657894,
        "p90": 0.23505909864353236
      },
      "pairwise_cosine": {
        "count": 7680,
        "mean": 0.0455741776390527,
        "median": 0.051545165536382415,
        "p10": -0.039222764786777976,
        "p90": 0.14515274305656511
      }
    },
    "debug_trajectory_cross_attention_output": {
      "hidden_norm": {
        "count": 3072,
        "mean": 4.6149025733195215,
        "median": 4.614583091006219,
        "p10": 4.5577074587288315,
        "p90": 4.667873225124638
      },
      "pairwise_cosine": {
        "count": 7680,
        "mean": 0.999999995739478,
        "median": 0.9999999966457627,
        "p10": 0.9999999922890737,
        "p90": 0.999999998595975
      }
    }
  },
  "no_trajectory": {
    "debug_final_fused_queries": {
      "hidden_norm": {
        "count": 3072,
        "mean": 11.276423055914956,
        "median": 11.27061131528677,
        "p10": 11.261905689192112,
        "p90": 11.288986982291807
      },
      "pairwise_cosine": {
        "count": 7680,
        "mean": 0.999933034929777,
        "median": 0.9999333219644391,
        "p10": 0.999904845647133,
        "p90": 0.9999601139339496
      }
    },
    "debug_graph_conditioned_queries": {
      "hidden_norm": {
        "count": 3072,
        "mean": 11.273824967220719,
        "median": 11.26454228304178,
        "p10": 11.246976225856269,
        "p90": 11.331756346113705
      },
      "pairwise_cosine": {
        "count": 7680,
        "mean": 0.999632047176849,
        "median": 0.9996307647287823,
        "p10": 0.9995903275105854,
        "p90": 0.9996740724295254
      }
    },
    "debug_graph_state_contribution": {
      "hidden_norm": {
        "count": 3072,
        "mean": 11.282205024250805,
        "median": 11.274411641689294,
        "p10": 11.254785884120365,
        "p90": 11.333241493309888
      },
      "pairwise_cosine": {
        "count": 7680,
        "mean": 1.0,
        "median": 0.9999999999999998,
        "p10": 0.9999999999999994,
        "p90": 1.0000000000000002
      }
    },
    "debug_image_cross_attention_output": {
      "hidden_norm": {
        "count": 3072,
        "mean": 5.094782058811339,
        "median": 5.157388509000716,
        "p10": 4.810221822510129,
        "p90": 5.274916316053944
      },
      "pairwise_cosine": {
        "count": 7680,
        "mean": 0.9999986857052203,
        "median": 0.9999993603744899,
        "p10": 0.9999980378377787,
        "p90": 0.9999996403088917
      }
    },
    "debug_learned_query_embedding": {
      "hidden_norm": {
        "count": 3072,
        "mean": 0.22491712000768835,
        "median": 0.22530898945610933,
        "p10": 0.2132022236657894,
        "p90": 0.23505909864353236
      },
      "pairwise_cosine": {
        "count": 7680,
        "mean": 0.0455741776390527,
        "median": 0.051545165536382415,
        "p10": -0.039222764786777976,
        "p90": 0.14515274305656511
      }
    },
    "debug_pre_cross_attention_queries": {
      "hidden_norm": {
        "count": 3072,
        "mean": 11.273824967220719,
        "median": 11.26454228304178,
        "p10": 11.246976225856269,
        "p90": 11.331756346113705
      },
      "pairwise_cosine": {
        "count": 7680,
        "mean": 0.999632047176849,
        "median": 0.9996307647287823,
        "p10": 0.9995903275105854,
        "p90": 0.9996740724295254
      }
    },
    "debug_pre_graph_queries": {
      "hidden_norm": {
        "count": 3072,
        "mean": 0.22491712000768835,
        "median": 0.22530898945610933,
        "p10": 0.2132022236657894,
        "p90": 0.23505909864353236
      },
      "pairwise_cosine": {
        "count": 7680,
        "mean": 0.0455741776390527,
        "median": 0.051545165536382415,
        "p10": -0.039222764786777976,
        "p90": 0.14515274305656511
      }
    },
    "debug_trajectory_cross_attention_output": {
      "hidden_norm": {
        "count": 3072,
        "mean": 0.0,
        "median": 0.0,
        "p10": 0.0,
        "p90": 0.0
      },
      "pairwise_cosine": {
        "count": 7680,
        "mean": 0.0,
        "median": 0.0,
        "p10": 0.0,
        "p90": 0.0
      }
    }
  },
  "trajectory_graph": {
    "debug_final_fused_queries": {
      "hidden_norm": {
        "count": 3072,
        "mean": 11.277254461373479,
        "median": 11.272520664517442,
        "p10": 11.265471813707032,
        "p90": 11.285388172551132
      },
      "pairwise_cosine": {
        "count": 7680,
        "mean": 0.9999340092543828,
        "median": 0.9999356096759813,
        "p10": 0.9999107154390586,
        "p90": 0.9999552709301182
      }
    },
    "debug_graph_conditioned_queries": {
      "hidden_norm": {
        "count": 3072,
        "mean": 11.273824967220719,
        "median": 11.26454228304178,
        "p10": 11.246976225856269,
        "p90": 11.331756346113705
      },
      "pairwise_cosine": {
        "count": 7680,
        "mean": 0.999632047176849,
        "median": 0.9996307647287823,
        "p10": 0.9995903275105854,
        "p90": 0.9996740724295254
      }
    },