{
  "actual_matched_query_is_highest_probability_ratio": 0.3855421686746988,
  "best_second_best_cost_margin": {
    "count": 83,
    "mean": 1.2505667037274464,
    "median": 1.254099726676941,
    "p10": 0.25945979356765747,
    "p90": 2.078161382675171
  },
  "cost_component_statistics": {
    "actual_matches": {
      "direction": {
        "count": 83,
        "mean": 0.00018545374812850034,
        "median": 0.00012153387069702148,
        "p10": 3.981590270996096e-06,
        "p90": 0.0005149364471435544
      },
      "endpoint": {
        "count": 83,
        "mean": 0.029500386773058808,
        "median": 0.024402517825365067,
        "p10": 0.008213638700544834,
        "p90": 0.06276026740670204
      },
      "existence": {
        "count": 83,
        "mean": -0.9993342900850687,
        "median": -0.999518632888794,
        "p10": -0.9998343467712403,
        "p90": -0.9985612392425537
      }
    },
    "all_candidate_to_gt": {
      "direction": {
        "count": 498,
        "mean": 0.9600916788520584,
        "median": 0.9921476542949677,
        "p10": 0.0001820445060729981,
        "p90": 1.9976749777793885
      },
      "endpoint": {
        "count": 498,
        "mean": 0.2450160081769493,
        "median": 0.2832937389612198,
        "p10": 0.028015379793941978,
        "p90": 0.3751312106847763
      },
      "existence": {
        "count": 498,
        "mean": -0.4656394078692208,
        "median": -0.014398079365491867,
        "p10": -0.9998077750205994,
        "p90": -0.0008282101247459649
      }
    }
  },
  "empty_gt_query_probability": {
    "count": 0,
    "mean": null,
    "median": null,
    "p10": null,
    "p90": null
  },
  "per_query_match_frequency": {
    "0": 23,
    "1": 0,
    "2": 19,
    "3": 0,
    "4": 20,
    "5": 21
  },
  "per_query_match_frequency_by_gt_count": {
    "count_2": {
      "0": 9,
      "1": 0,
      "2": 8,
      "3": 0,
      "4": 7,
      "5": 10
    },
    "count_ge_3": {
      "0": 14,
      "1": 0,
      "2": 11,
      "3": 0,
      "4": 13,
      "5": 11
    }
  }
}
