{
  "full": {
    "debug_final_fused_queries": {
      "hidden_norm": {
        "count": 192,
        "mean": 11.292582615134625,
        "median": 11.236194337691764,
        "p10": 11.002025663402396,
        "p90": 11.60597999448623
      },
      "pairwise_cosine": {
        "count": 480,
        "mean": 0.14235939006740717,
        "median": -0.08103109052236912,
        "p10": -0.3317092071736744,
        "p90": 0.9810355422128441
      }
    },
    "debug_graph_conditioned_queries": {
      "hidden_norm": {
        "count": 192,
        "mean": 10.750954207438147,
        "median": 10.734077883479884,
        "p10": 10.72250467352912,
        "p90": 10.788963273829575
      },
      "pairwise_cosine": {
        "count": 480,
        "mean": 0.9841071949422582,
        "median": 0.98881273424055,
        "p10": 0.9575152957493088,
        "p90": 0.9962941162454232
      }
    },
    "debug_graph_state_contribution": {
      "hidden_norm": {
        "count": 192,
        "mean": 9.630074245498834,
        "median": 9.575797099009142,
        "p10": 9.575797099009142,
        "p90": 9.720811558820289
      },
      "pairwise_cosine": {
        "count": 480,
        "mean": 1.0,
        "median": 0.9999999999999997,
        "p10": 0.9999999999999997,
        "p90": 1.0000000000000004
      }
    },
    "debug_image_cross_attention_output": {
      "hidden_norm": {
        "count": 192,
        "mean": 4.308827542122649,
        "median": 3.6962753430006496,
        "p10": 3.2226706695413223,
        "p90": 6.64222771749762
      },
      "pairwise_cosine": {
        "count": 480,
        "mean": 0.9814277733753966,
        "median": 0.9969466976509448,
        "p10": 0.9584316823452663,
        "p90": 0.9996315594931541
      }
    },
    "debug_learned_query_embedding": {
      "hidden_norm": {
        "count": 192,
        "mean": 0.9916850718116285,
        "median": 1.0380692563547407,
        "p10": 0.48027860416663176,
        "p90": 1.533130817848018
      },
      "pairwise_cosine": {
        "count": 480,
        "mean": -0.15158469295615215,
        "median": -0.3732028914867671,
        "p10": -0.8997088422450245,
        "p90": 0.7957715420179698
      }
    },
    "debug_pre_cross_attention_queries": {
      "hidden_norm": {
        "count": 192,
        "mean": 10.750954207438147,
        "median": 10.734077883479884,
        "p10": 10.72250467352912,
        "p90": 10.788963273829575
      },
      "pairwise_cosine": {
        "count": 480,
        "mean": 0.9841071949422582,
        "median": 0.98881273424055,
        "p10": 0.9575152957493088,
        "p90": 0.9962941162454232
      }
    },
    "debug_pre_graph_queries": {
      "hidden_norm": {
        "count": 192,
        "mean": 0.9916850718116285,
        "median": 1.0380692563547407,
        "p10": 0.48027860416663176,
        "p90": 1.533130817848018
      },
      "pairwise_cosine": {
        "count": 480,
        "mean": -0.15158469295615215,
        "median": -0.3732028914867671,
        "p10": -0.8997088422450245,
        "p90": 0.7957715420179698
      }
    },
    "debug_trajectory_cross_attention_output": {
      "hidden_norm": {
        "count": 192,
        "mean": 8.998705782911683,
        "median": 8.473431993274687,
        "p10": 4.929410354022039,
        "p90": 13.54351156229541
      },
      "pairwise_cosine": {
        "count": 480,
        "mean": 0.20700814869587467,
        "median": 0.37561615115640834,
        "p10": -0.8076450149399113,
        "p90": 0.9795329668590859
      }
    }
  },
  "no_trajectory": {
    "debug_final_fused_queries": {
      "hidden_norm": {
        "count": 192,
        "mean": 11.084483712238063,
        "median": 11.03189481307708,
        "p10": 10.972077533828108,
        "p90": 11.29008475392849
      },
      "pairwise_cosine": {
        "count": 480,
        "mean": 0.6055807248546079,
        "median": 0.6788481728259631,
        "p10": 0.06482827591467433,
        "p90": 0.9537735228622407
      }
    },
    "debug_graph_conditioned_queries": {
      "hidden_norm": {
        "count": 192,
        "mean": 10.750954207438147,
        "median": 10.734077883479884,
        "p10": 10.72250467352912,
        "p90": 10.788963273829575
      },
      "pairwise_cosine": {
        "count": 480,
        "mean": 0.9841071949422582,
        "median": 0.98881273424055,
        "p10": 0.9575152957493088,
        "p90": 0.9962941162454232
      }
    },
    "debug_graph_state_contribution": {
      "hidden_norm": {
        "count": 192,
        "mean": 9.630074245498834,
        "median": 9.575797099009142,
        "p10": 9.575797099009142,
        "p90": 9.720811558820289
      },
      "pairwise_cosine": {
        "count": 480,
        "mean": 1.0,
        "median": 0.9999999999999997,
        "p10": 0.9999999999999997,
        "p90": 1.0000000000000004
      }
    },
    "debug_image_cross_attention_output": {
      "hidden_norm": {
        "count": 192,
        "mean": 4.308827542122649,
        "median": 3.6962753430006496,
        "p10": 3.2226706695413223,
        "p90": 6.64222771749762
      },
      "pairwise_cosine": {
        "count": 480,
        "mean": 0.9814277733753966,
        "median": 0.9969466976509448,
        "p10": 0.9584316823452663,
        "p90": 0.9996315594931541
      }
    },
    "debug_learned_query_embedding": {
      "hidden_norm": {
        "count": 192,
        "mean": 0.9916850718116285,
        "median": 1.0380692563547407,
        "p10": 0.48027860416663176,
        "p90": 1.533130817848018
      },
      "pairwise_cosine": {
        "count": 480,
        "mean": -0.15158469295615215,
        "median": -0.3732028914867671,
        "p10": -0.8997088422450245,
        "p90": 0.7957715420179698
      }
    },
    "debug_pre_cross_attention_queries": {
      "hidden_norm": {
        "count": 192,
        "mean": 10.750954207438147,
        "median": 10.734077883479884,
        "p10": 10.72250467352912,
        "p90": 10.788963273829575
      },
      "pairwise_cosine": {
        "count": 480,
        "mean": 0.9841071949422582,
        "median": 0.98881273424055,
        "p10": 0.9575152957493088,
        "p90": 0.9962941162454232
      }
    },
    "debug_pre_graph_queries": {
      "hidden_norm": {
        "count": 192,
        "mean": 0.9916850718116285,
        "median": 1.0380692563547407,
        "p10": 0.48027860416663176,
        "p90": 1.533130817848018
      },
      "pairwise_cosine": {
        "count": 480,
        "mean": -0.15158469295615215,
        "median": -0.3732028914867671,
        "p10": -0.8997088422450245,
        "p90": 0.7957715420179698
      }
    },
    "debug_trajectory_cross_attention_output": {
      "hidden_norm": {
        "count": 192,
        "mean": 0.0,
        "median": 0.0,
        "p10": 0.0,
        "p90": 0.0
      },
      "pairwise_cosine": {
        "count": 480,
        "mean": 0.0,
        "median": 0.0,
        "p10": 0.0,
        "p90": 0.0
      }
    }
  },
  "trajectory_graph": {
    "debug_final_fused_queries": {
      "hidden_norm": {
        "count": 192,
        "mean": 11.279544544838826,
        "median": 11.212853301483541,
        "p10": 10.993326528768568,
        "p90": 11.594059189567107
      },
      "pairwise_cosine": {
        "count": 480,
        "mean": 0.13590639446198902,
        "median": -0.05559552340943581,
        "p10": -0.3460276261426877,
        "p90": 0.962133731726378
      }
    },
    "debug_graph_conditioned_queries": {
      "hidden_norm": {
        "count": 192,
        "mean": 10.750954207438147,
        "median": 10.734077883479884,
        "p10": 10.72250467352912,
        "p90": 10.788963273829575
      },
      "pairwise_cosine": {
        "count": 480,
        "mean": 0.9841071949422582,
        "median": 0.98881273424055,
        "p10": 0.9575152957493088,
        "p90": 0.9962941162454232
      }
    },
    "debug_graph_state_contribution": {
      "hidden_norm": {
        "count": 192,