{
  "actual_matched_query_is_highest_probability_ratio": 0.5060728744939271,
  "best_second_best_cost_margin": {
    "count": 494,
    "mean": 0.01115526254420821,
    "median": 0.005292847752571106,
    "p10": 0.001042751967906952,
    "p90": 0.025991809368133535
  },
  "cost_component_statistics": {
    "actual_matches": {
      "direction": {
        "count": 494,
        "mean": 0.37139056918592106,
        "median": 0.02197033166885376,
        "p10": 0.0030056774616241456,
        "p90": 1.5805267095565794
      },
      "endpoint": {
        "count": 494,
        "mean": 0.15458240206183693,
        "median": 0.14308345317840576,
        "p10": 0.10740472078323364,
        "p90": 0.21504980176687238
      },
      "existence": {
        "count": 494,
        "mean": -0.4725012586184359,
        "median": -0.3435165733098984,
        "p10": -0.7911251366138459,
        "p90": -0.23253066390752794
      }
    },
    "all_candidate_to_gt": {
      "direction": {
        "count": 2964,
        "mean": 0.3990889378243934,
        "median": 0.02235281467437744,
        "p10": 0.003367584943771362,
        "p90": 1.660915172100068
      },
      "endpoint": {
        "count": 2964,
        "mean": 0.15636754307051298,
        "median": 0.1448974534869194,
        "p10": 0.10730088129639626,
        "p90": 0.21634218990802767
      },
      "existence": {
        "count": 2964,
        "mean": -0.46800657948189983,
        "median": -0.33520132303237915,
        "p10": -0.7912172794342041,
        "p90": -0.22404594421386717
      }
    }
  },
  "empty_gt_query_probability": {
    "count": 744,
    "mean": 0.26760852623086856,
    "median": 0.15319177508354187,
    "p10": 0.002381494082510471,
    "p90": 0.7893330097198487
  },
  "per_query_match_frequency": {
    "0": 29,
    "1": 114,
    "2": 248,
    "3": 11,
    "4": 40,
    "5": 52
  },
  "per_query_match_frequency_by_gt_count": {
    "count_1": {
      "0": 4,
      "1": 68,
      "2": 238,
      "3": 0,
      "4": 1,
      "5": 6
    },
    "count_2": {
      "0": 15,
      "1": 16,
      "2": 1,
      "3": 9,
      "4": 21,
      "5": 16
    },
    "count_ge_3": {
      "0": 10,
      "1": 30,
      "2": 9,
      "3": 2,
      "4": 18,
      "5": 30
    }
  }
}
