{
  "full": {
    "debug_final_fused_queries": {
      "hidden_norm": {
        "count": 3072,
        "mean": 11.276176768027652,
        "median": 11.274138404231948,
        "p10": 11.267877781784113,
        "p90": 11.27955618405135
      },
      "pairwise_cosine": {
        "count": 7680,
        "mean": 0.9998807322136568,
        "median": 0.9998938855027537,
        "p10": 0.9997624423077456,
        "p90": 0.9999650784998766
      }
    },
    "debug_graph_conditioned_queries": {
      "hidden_norm": {
        "count": 3072,
        "mean": 11.268642551177722,
        "median": 11.265512566728242,
        "p10": 11.242737892527996,
        "p90": 11.30970882353552
      },
      "pairwise_cosine": {
        "count": 7680,
        "mean": 0.9996026224777216,
        "median": 0.9995990462993435,
        "p10": 0.9995480225325407,
        "p90": 0.9996588737215378
      }
    },
    "debug_graph_state_contribution": {
      "hidden_norm": {
        "count": 3072,
        "mean": 11.290739860602036,
        "median": 11.291244887331812,
        "p10": 11.267086014647631,
        "p90": 11.325410737968012
      },
      "pairwise_cosine": {
        "count": 7680,
        "mean": 1.0,
        "median": 1.0,
        "p10": 0.9999999999999996,
        "p90": 1.0000000000000004
      }
    },
    "debug_image_cross_attention_output": {
      "hidden_norm": {
        "count": 3072,
        "mean": 5.392856583468247,
        "median": 5.4137198499559505,
        "p10": 5.110712209666039,
        "p90": 5.686890725837059
      },
      "pairwise_cosine": {
        "count": 7680,
        "mean": 0.9999992146145974,
        "median": 0.9999994980540655,
        "p10": 0.9999987089522139,
        "p90": 0.9999997715326328
      }
    },
    "debug_learned_query_embedding": {
      "hidden_norm": {
        "count": 3072,
        "mean": 0.23191591763874927,
        "median": 0.2321809575866699,
        "p10": 0.22106938050727515,
        "p90": 0.24255765438179222
      },
      "pairwise_cosine": {
        "count": 7680,
        "mean": 0.024550238586504722,
        "median": 0.006329686893053731,
        "p10": -0.10546789408588829,
        "p90": 0.1551558919424351
      }
    },
    "debug_pre_cross_attention_queries": {
      "hidden_norm": {
        "count": 3072,
        "mean": 11.268642551177722,
        "median": 11.265512566728242,
        "p10": 11.242737892527996,
        "p90": 11.30970882353552
      },
      "pairwise_cosine": {
        "count": 7680,
        "mean": 0.9996026224777216,
        "median": 0.9995990462993435,
        "p10": 0.9995480225325407,
        "p90": 0.9996588737215378
      }
    },
    "debug_pre_graph_queries": {
      "hidden_norm": {
        "count": 3072,
        "mean": 0.23191591763874927,
        "median": 0.2321809575866699,
        "p10": 0.22106938050727515,
        "p90": 0.24255765438179222
      },
      "pairwise_cosine": {
        "count": 7680,
        "mean": 0.024550238586504722,
        "median": 0.006329686893053731,
        "p10": -0.10546789408588829,
        "p90": 0.1551558919424351
      }
    },
    "debug_trajectory_cross_attention_output": {
      "hidden_norm": {
        "count": 3072,
        "mean": 3.713807426431126,
        "median": 3.718697793106478,
        "p10": 3.641205478322908,
        "p90": 3.781388638575598
      },
      "pairwise_cosine": {
        "count": 7680,
        "mean": 0.9999999963157222,
        "median": 0.9999999972216913,
        "p10": 0.9999999922744611,
        "p90": 0.999999999108075
      }
    }
  },
  "no_trajectory": {
    "debug_final_fused_queries": {
      "hidden_norm": {
        "count": 3072,
        "mean": 11.275977025721593,
        "median": 11.275587570523838,
        "p10": 11.26479406065679,
        "p90": 11.278944367932482
      },
      "pairwise_cosine": {
        "count": 7680,
        "mean": 0.99987439318132,
        "median": 0.9998902166115063,
        "p10": 0.9997567454052171,
        "p90": 0.9999607957384788
      }
    },
    "debug_graph_conditioned_queries": {
      "hidden_norm": {
        "count": 3072,
        "mean": 11.268642551177722,
        "median": 11.265512566728242,
        "p10": 11.242737892527996,
        "p90": 11.30970882353552
      },
      "pairwise_cosine": {
        "count": 7680,
        "mean": 0.9996026224777216,
        "median": 0.9995990462993435,
        "p10": 0.9995480225325407,
        "p90": 0.9996588737215378
      }
    },
    "debug_graph_state_contribution": {
      "hidden_norm": {
        "count": 3072,
        "mean": 11.290739860602036,
        "median": 11.291244887331812,
        "p10": 11.267086014647631,
        "p90": 11.325410737968012
      },
      "pairwise_cosine": {
        "count": 7680,
        "mean": 1.0,
        "median": 1.0,
        "p10": 0.9999999999999996,
        "p90": 1.0000000000000004
      }
    },
    "debug_image_cross_attention_output": {
      "hidden_norm": {
        "count": 3072,
        "mean": 5.392856583468247,
        "median": 5.4137198499559505,
        "p10": 5.110712209666039,
        "p90": 5.686890725837059
      },
      "pairwise_cosine": {
        "count": 7680,
        "mean": 0.9999992146145974,
        "median": 0.9999994980540655,
        "p10": 0.9999987089522139,
        "p90": 0.9999997715326328
      }
    },
    "debug_learned_query_embedding": {
      "hidden_norm": {
        "count": 3072,
        "mean": 0.23191591763874927,
        "median": 0.2321809575866699,
        "p10": 0.22106938050727515,
        "p90": 0.24255765438179222
      },
      "pairwise_cosine": {
        "count": 7680,
        "mean": 0.024550238586504722,
        "median": 0.006329686893053731,
        "p10": -0.10546789408588829,
        "p90": 0.1551558919424351
      }
    },
    "debug_pre_cross_attention_queries": {
      "hidden_norm": {
        "count": 3072,
        "mean": 11.268642551177722,
        "median": 11.265512566728242,
        "p10": 11.242737892527996,
        "p90": 11.30970882353552
      },
      "pairwise_cosine": {
        "count": 7680,
        "mean": 0.9996026224777216,
        "median": 0.9995990462993435,
        "p10": 0.9995480225325407,
        "p90": 0.9996588737215378
      }
    },
    "debug_pre_graph_queries": {
      "hidden_norm": {
        "count": 3072,
        "mean": 0.23191591763874927,
        "median": 0.2321809575866699,
        "p10": 0.22106938050727515,
        "p90": 0.24255765438179222
      },
      "pairwise_cosine": {
        "count": 7680,
        "mean": 0.024550238586504722,
        "median": 0.006329686893053731,
        "p10": -0.10546789408588829,
        "p90": 0.1551558919424351
      }
    },
    "debug_trajectory_cross_attention_output": {
      "hidden_norm": {
        "count": 3072,
        "mean": 0.0,
        "median": 0.0,
        "p10": 0.0,
        "p90": 0.0
      },
      "pairwise_cosine": {
        "count": 7680,
        "mean": 0.0,
        "median": 0.0,
        "p10": 0.0,
        "p90": 0.0
      }
    }
  },
  "trajectory_graph": {
    "debug_final_fused_queries": {
      "hidden_norm": {
        "count": 3072,
        "mean": 11.275922115065214,
        "median": 11.27399400254474,
        "p10": 11.266274280375658,
        "p90": 11.27809829790844
      },
      "pairwise_cosine": {
        "count": 7680,
        "mean": 0.9998757916010944,
        "median": 0.9998933421836562,
        "p10": 0.999769641765105,
        "p90": 0.9999493831703802
      }
    },
    "debug_graph_conditioned_queries": {
      "hidden_norm": {
        "count": 3072,
        "mean": 11.268642551177722,
        "median": 11.265512566728242,
        "p10": 11.242737892527996,
        "p90": 11.30970882353552
      },
      "pairwise_cosine": {
        "count": 7680,
        "mean": 0.9996026224777216,
        "median": 0.9995990462993435,
        "p10": 0.9995480225325407,
        "p90": 0.9996588737215378
      }
    },