{
  "actual_matched_query_is_highest_probability_ratio": 0.11538461538461539,
  "best_second_best_cost_margin": {
    "count": 494,
    "mean": 0.007913069724131692,
    "median": 0.0013912692666053772,
    "p10": 0.00015015080571174623,
    "p90": 0.03230884075164795
  },
  "cost_component_statistics": {
    "actual_matches": {
      "direction": {
        "count": 494,
        "mean": 0.33383292442391277,
        "median": 0.009992986917495728,
        "p10": 6.96837902069092e-05,
        "p90": 1.0854958176612854
      },
      "endpoint": {
        "count": 494,
        "mean": 0.1487574751992231,
        "median": 0.1275765597820282,
        "p10": 0.10899837911128998,
        "p90": 0.20552712231874465
      },
      "existence": {
        "count": 494,
        "mean": -0.23112471122671718,
        "median": -0.14689838886260986,
        "p10": -0.40051398873329164,
        "p90": -0.13173760026693343
      }
    },
    "all_candidate_to_gt": {
      "direction": {
        "count": 2964,
        "mean": 0.34685629584126465,
        "median": 0.01010105013847351,
        "p10": 0.00018898844718933107,
        "p90": 1.1622842550277717
      },
      "endpoint": {
        "count": 2964,
        "mean": 0.15086883502555495,
        "median": 0.1295880600810051,
        "p10": 0.11008715629577637,
        "p90": 0.20778593569993975
      },
      "existence": {
        "count": 2964,
        "mean": -0.2308086857410819,
        "median": -0.14668091386556625,
        "p10": -0.40051449835300446,
        "p90": -0.13078871369361877
      }
    }
  },
  "empty_gt_query_probability": {
    "count": 744,
    "mean": 0.1355225477972874,
    "median": 0.07134295627474785,
    "p10": 0.003625609492883086,
    "p90": 0.4004371017217636
  },
  "per_query_match_frequency": {
    "0": 42,
    "1": 66,
    "2": 153,
    "3": 41,
    "4": 160,
    "5": 32
  },
  "per_query_match_frequency_by_gt_count": {
    "count_1": {
      "0": 15,
      "1": 16,
      "2": 151,
      "3": 2,
      "4": 125,
      "5": 8
    },
    "count_2": {
      "0": 7,
      "1": 22,
      "2": 1,
      "3": 19,
      "4": 11,
      "5": 18
    },
    "count_ge_3": {
      "0": 20,
      "1": 28,
      "2": 1,
      "3": 20,
      "4": 24,
      "5": 6
    }
  }
}
