{
  "full": {
    "debug_final_fused_queries": {
      "hidden_norm": {
        "count": 3072,
        "mean": 11.255894242468955,
        "median": 11.25716230956229,
        "p10": 11.246880583714088,
        "p90": 11.260040269984522
      },
      "pairwise_cosine": {
        "count": 7680,
        "mean": 0.9999562790578167,
        "median": 0.9999573327717395,
        "p10": 0.9999373816802366,
        "p90": 0.9999710442253867
      }
    },
    "debug_graph_conditioned_queries": {
      "hidden_norm": {
        "count": 3072,
        "mean": 11.231052319966834,
        "median": 11.217822995727426,
        "p10": 11.211068079267298,
        "p90": 11.279308725183522
      },
      "pairwise_cosine": {
        "count": 7680,
        "mean": 0.9996166816547116,
        "median": 0.999608139857669,
        "p10": 0.9995711178747178,
        "p90": 0.9996599042350025
      }
    },
    "debug_graph_state_contribution": {
      "hidden_norm": {
        "count": 3072,
        "mean": 11.264114374092806,
        "median": 11.252648679085645,
        "p10": 11.235146141153391,
        "p90": 11.315954730173678
      },
      "pairwise_cosine": {
        "count": 7680,
        "mean": 1.0,
        "median": 1.0,
        "p10": 0.9999999999999997,
        "p90": 1.0000000000000004
      }
    },
    "debug_image_cross_attention_output": {
      "hidden_norm": {
        "count": 3072,
        "mean": 5.425614139343477,
        "median": 5.429859304728236,
        "p10": 5.331903095210272,
        "p90": 5.535607057264187
      },
      "pairwise_cosine": {
        "count": 7680,
        "mean": 0.999999461613607,
        "median": 0.9999994757978699,
        "p10": 0.9999991725451034,
        "p90": 0.9999997823587587
      }
    },
    "debug_learned_query_embedding": {
      "hidden_norm": {
        "count": 3072,
        "mean": 0.22215662583257675,
        "median": 0.21816779408132678,
        "p10": 0.20543710621243194,
        "p90": 0.24275962240349222
      },
      "pairwise_cosine": {
        "count": 7680,
        "mean": -0.000805994433670247,
        "median": -0.04304933469059825,
        "p10": -0.09621264949840219,
        "p90": 0.1805140816583966
      }
    },
    "debug_pre_cross_attention_queries": {
      "hidden_norm": {
        "count": 3072,
        "mean": 11.231052319966834,
        "median": 11.217822995727426,
        "p10": 11.211068079267298,
        "p90": 11.279308725183522
      },
      "pairwise_cosine": {
        "count": 7680,
        "mean": 0.9996166816547116,
        "median": 0.999608139857669,
        "p10": 0.9995711178747178,
        "p90": 0.9996599042350025
      }
    },
    "debug_pre_graph_queries": {
      "hidden_norm": {
        "count": 3072,
        "mean": 0.22215662583257675,
        "median": 0.21816779408132678,
        "p10": 0.20543710621243194,
        "p90": 0.24275962240349222
      },
      "pairwise_cosine": {
        "count": 7680,
        "mean": -0.000805994433670247,
        "median": -0.04304933469059825,
        "p10": -0.09621264949840219,
        "p90": 0.1805140816583966
      }
    },
    "debug_trajectory_cross_attention_output": {
      "hidden_norm": {
        "count": 3072,
        "mean": 4.0598732609053805,
        "median": 4.064090745761587,
        "p10": 4.000774448760757,
        "p90": 4.111223689199286
      },
      "pairwise_cosine": {
        "count": 7680,
        "mean": 0.9999999972123823,
        "median": 0.9999999978845243,
        "p10": 0.9999999942582217,
        "p90": 0.9999999992603467
      }
    }
  },
  "no_trajectory": {
    "debug_final_fused_queries": {
      "hidden_norm": {
        "count": 3072,
        "mean": 11.254024420426253,
        "median": 11.254673440296678,
        "p10": 11.244781819228836,
        "p90": 11.25837721032301
      },
      "pairwise_cosine": {
        "count": 7680,
        "mean": 0.999949273860693,
        "median": 0.9999501515034472,
        "p10": 0.9999292629213967,
        "p90": 0.9999652193463233
      }
    },
    "debug_graph_conditioned_queries": {
      "hidden_norm": {
        "count": 3072,
        "mean": 11.231052319966834,
        "median": 11.217822995727426,
        "p10": 11.211068079267298,
        "p90": 11.279308725183522
      },
      "pairwise_cosine": {
        "count": 7680,
        "mean": 0.9996166816547116,
        "median": 0.999608139857669,
        "p10": 0.9995711178747178,
        "p90": 0.9996599042350025
      }
    },
    "debug_graph_state_contribution": {
      "hidden_norm": {
        "count": 3072,
        "mean": 11.264114374092806,
        "median": 11.252648679085645,
        "p10": 11.235146141153391,
        "p90": 11.315954730173678
      },
      "pairwise_cosine": {
        "count": 7680,
        "mean": 1.0,
        "median": 1.0,
        "p10": 0.9999999999999997,
        "p90": 1.0000000000000004
      }
    },
    "debug_image_cross_attention_output": {
      "hidden_norm": {
        "count": 3072,
        "mean": 5.425614139343477,
        "median": 5.429859304728236,
        "p10": 5.331903095210272,
        "p90": 5.535607057264187
      },
      "pairwise_cosine": {
        "count": 7680,
        "mean": 0.999999461613607,
        "median": 0.9999994757978699,
        "p10": 0.9999991725451034,
        "p90": 0.9999997823587587
      }
    },
    "debug_learned_query_embedding": {
      "hidden_norm": {
        "count": 3072,
        "mean": 0.22215662583257675,
        "median": 0.21816779408132678,
        "p10": 0.20543710621243194,
        "p90": 0.24275962240349222
      },
      "pairwise_cosine": {
        "count": 7680,
        "mean": -0.000805994433670247,
        "median": -0.04304933469059825,
        "p10": -0.09621264949840219,
        "p90": 0.1805140816583966
      }
    },
    "debug_pre_cross_attention_queries": {
      "hidden_norm": {
        "count": 3072,
        "mean": 11.231052319966834,
        "median": 11.217822995727426,
        "p10": 11.211068079267298,
        "p90": 11.279308725183522
      },
      "pairwise_cosine": {
        "count": 7680,
        "mean": 0.9996166816547116,
        "median": 0.999608139857669,
        "p10": 0.9995711178747178,
        "p90": 0.9996599042350025
      }
    },
    "debug_pre_graph_queries": {
      "hidden_norm": {
        "count": 3072,
        "mean": 0.22215662583257675,
        "median": 0.21816779408132678,
        "p10": 0.20543710621243194,
        "p90": 0.24275962240349222
      },
      "pairwise_cosine": {
        "count": 7680,
        "mean": -0.000805994433670247,
        "median": -0.04304933469059825,
        "p10": -0.09621264949840219,
        "p90": 0.1805140816583966
      }
    },
    "debug_trajectory_cross_attention_output": {
      "hidden_norm": {
        "count": 3072,
        "mean": 0.0,
        "median": 0.0,
        "p10": 0.0,
        "p90": 0.0
      },
      "pairwise_cosine": {
        "count": 7680,
        "mean": 0.0,
        "median": 0.0,
        "p10": 0.0,
        "p90": 0.0
      }
    }
  },
  "trajectory_graph": {
    "debug_final_fused_queries": {
      "hidden_norm": {
        "count": 3072,
        "mean": 11.2561304107872,
        "median": 11.25757745550052,
        "p10": 11.245638884436657,
        "p90": 11.262836196761457
      },
      "pairwise_cosine": {
        "count": 7680,
        "mean": 0.9999425324126126,
        "median": 0.999945977922053,
        "p10": 0.9999174978180555,
        "p90": 0.9999609903196719
      }
    },
    "debug_graph_conditioned_queries": {
      "hidden_norm": {
        "count": 3072,
        "mean": 11.231052319966834,
        "median": 11.217822995727426,
        "p10": 11.211068079267298,
        "p90": 11.279308725183522
      },
      "pairwise_cosine": {
        "count": 7680,
        "mean": 0.9996166816547116,
        "median": 0.999608139857669,
        "p10": 0.9995711178747178,
        "p90": 0.9996599042350025
      }
    },