{
  "GT_branch_count": 494,
  "branch_ap": 0.08969008932051405,
  "branch_ap_by_modality": {
    "full": 0.08969008932051405,
    "no_trajectory": 0.10219387957495135,
    "trajectory_graph": 0.040792866862417176
  },
  "checkpoint": "/home/wangziyu/VecRoad_self/data_self/stage3c_branch_aux/checkpoints/stage3c_aux.best.pth.tar",
  "checkpoint_epoch": 16,
  "checkpoint_state_dict_key_counts": {
    "branch_decoder": 31,
    "graph_state_encoder": 12,
    "trajectory_encoder": 31
  },
  "cost_component_statistics": {
    "actual_matches": {
      "direction": {
        "count": 494,
        "mean": 0.33383292442391277,
        "median": 0.009992986917495728,
        "p10": 6.96837902069092e-05,
        "p90": 1.0854958176612854
      },
      "endpoint": {
        "count": 494,
        "mean": 0.1487574751992231,
        "median": 0.1275765597820282,
        "p10": 0.10899837911128998,
        "p90": 0.20552712231874465
      },
      "existence": {
        "count": 494,
        "mean": -0.23112471122671718,
        "median": -0.14689838886260986,
        "p10": -0.40051398873329164,
        "p90": -0.13173760026693343
      }
    },
    "all_candidate_to_gt": {
      "direction": {
        "count": 2964,
        "mean": 0.34685629584126465,
        "median": 0.01010105013847351,
        "p10": 0.00018898844718933107,
        "p90": 1.1622842550277717
      },
      "endpoint": {
        "count": 2964,
        "mean": 0.15086883502555495,
        "median": 0.1295880600810051,
        "p10": 0.11008715629577637,
        "p90": 0.20778593569993975
      },
      "existence": {
        "count": 2964,
        "mean": -0.2308086857410819,
        "median": -0.14668091386556625,
        "p10": -0.40051449835300446,
        "p90": -0.13078871369361877
      }
    }
  },
  "diagnostic_threshold": 0.1,
  "duplicates": {
    "actual_matched": {
      "duplicate_pair_count": 145,
      "duplicate_pair_ratio": 1.0,
      "nodes_with_duplicates": 71,
      "nodes_with_duplicates_ratio": 0.138671875,
      "nodes_with_multiple_predictions": 71,
      "pair_count": 145
    },
    "geometry_reference_matched": {
      "duplicate_pair_count": 145,
      "duplicate_pair_ratio": 1.0,
      "nodes_with_duplicates": 71,
      "nodes_with_duplicates_ratio": 0.138671875,
      "nodes_with_multiple_predictions": 71,
      "pair_count": 145
    },
    "oracle_k": {
      "duplicate_pair_count": 145,
      "duplicate_pair_ratio": 1.0,
      "nodes_with_duplicates": 71,
      "nodes_with_duplicates_ratio": 0.138671875,
      "nodes_with_multiple_predictions": 71,
      "pair_count": 145
    },
    "thresholded": {
      "duplicate_pair_count": 6570,
      "duplicate_pair_ratio": 1.0,
      "nodes_with_duplicates": 438,
      "nodes_with_duplicates_ratio": 0.85546875,
      "nodes_with_multiple_predictions": 438,
      "pair_count": 6570
    }
  },
  "ece": 0.03929266460628848,
  "ece_geometry_reference": 0.03929266460628848,
  "elapsed_seconds": 3.663914069067687,
  "exact_count_accuracy": 0.1328125,
  "extra_branch_rate": 0.8789954337899544,
  "geometry_reference_matched_duplicate_ratio": 1.0,
  "geometry_reference_matched_probability": {
    "count": 494,
    "mean": 0.23112471122671718,
    "median": 0.14689838886260986,
    "p10": 0.13173760026693343,
    "p90": 0.40051398873329164
  },
  "geometry_reference_unmatched_probability": {
    "count": 2578,
    "mean": 0.1670002913527166,
    "median": 0.13925467431545258,
    "p10": 0.011755398847162724,
    "p90": 0.39469658136367797
  },
  "image_checkpoint": "/home/wangziyu/VecRoad-master/data/ckpt/vecroad.pth.tar",
  "matched_duplicate_ratio": 1.0,
  "matched_logit": {
    "count": 494,
    "mean": -1.3167751903837992,
    "median": -1.759137511253357,
    "p10": -1.8856819987297058,
    "p90": -0.403323894739151
  },
  "matched_prob_mean": 0.23112471122671718,
  "matched_prob_median": 0.14689838886260986,
  "matched_probability": {
    "count": 494,
    "mean": 0.23112471122671718,
    "median": 0.14689838886260986,
    "p10": 0.13173760026693343,
    "p90": 0.40051398873329164
  },
  "metrics_by_GT_count": {
    "count_0": {
      "branch_ap": 0.0,
      "duplicates": {
        "actual_matched": {
          "duplicate_pair_count": 0,
          "duplicate_pair_ratio": 0.0,
          "nodes_with_duplicates": 0,
          "nodes_with_duplicates_ratio": 0.0,
          "nodes_with_multiple_predictions": 0,
          "pair_count": 0
        },
        "geometry_reference_matched": {
          "duplicate_pair_count": 0,
          "duplicate_pair_ratio": 0.0,
          "nodes_with_duplicates": 0,
          "nodes_with_duplicates_ratio": 0.0,
          "nodes_with_multiple_predictions": 0,
          "pair_count": 0
        },
        "oracle_k": {
          "duplicate_pair_count": 0,
          "duplicate_pair_ratio": 0.0,
          "nodes_with_duplicates": 0,
          "nodes_with_duplicates_ratio": 0.0,
          "nodes_with_multiple_predictions": 0,
          "pair_count": 0
        },
        "thresholded": {
          "duplicate_pair_count": 840,
          "duplicate_pair_ratio": 1.0,
          "nodes_with_duplicates": 56,
          "nodes_with_duplicates_ratio": 0.45161290322580644,
          "nodes_with_multiple_predictions": 56,
          "pair_count": 840
        }
      },
      "gt_branch_count": 0,
      "oracle_k": {
        "direction_error": {
          "count": 0,
          "mean": null,
          "median": null,
          "p10": null,
          "p90": null
        },
        "distinct_gt_coverage": 0.0,
        "duplicates": {
          "duplicate_pair_count": 0,
          "duplicate_pair_ratio": 0.0,
          "nodes_with_duplicates": 0,
          "nodes_with_duplicates_ratio": 0.0,
          "nodes_with_multiple_predictions": 0,
          "pair_count": 0
        },
        "endpoint_error": {
          "count": 0,
          "mean": null,
          "median": null,
          "p10": null,
          "p90": null
        },
        "gt_branch_count": 0,
        "recall": 0.0,
        "true_positive": 0
      },
      "sample_count": 124
    },
    "count_1": {
      "branch_ap": 0.15131974954101873,
      "duplicates": {
        "actual_matched": {
          "duplicate_pair_count": 0,
          "duplicate_pair_ratio": 0.0,
          "nodes_with_duplicates": 0,
          "nodes_with_duplicates_ratio": 0.0,
          "nodes_with_multiple_predictions": 0,
          "pair_count": 0
        },
        "geometry_reference_matched": {
          "duplicate_pair_count": 0,
          "duplicate_pair_ratio": 0.0,
          "nodes_with_duplicates": 0,
          "nodes_with_duplicates_ratio": 0.0,
          "nodes_with_multiple_predictions": 0,
          "pair_count": 0
        },
        "oracle_k": {
          "duplicate_pair_count": 0,
          "duplicate_pair_ratio": 0.0,
          "nodes_with_duplicates": 0,
          "nodes_with_duplicates_ratio": 0.0,
          "nodes_with_multiple_predictions": 0,
          "pair_count": 0
        },
        "thresholded": {
          "duplicate_pair_count": 4665,
          "duplicate_pair_ratio": 1.0,
          "nodes_with_duplicates": 311,
          "nodes_with_duplicates_ratio": 0.9810725552050473,
          "nodes_with_multiple_predictions": 311,
          "pair_count": 4665
        }
      },
      "gt_branch_count": 317,
      "oracle_k": {
        "direction_error": {
          "count": 317,
          "mean": 10.285715536576436,
          "median": 4.754784891400226,
          "p10": 1.0717285109150028,
          "p90": 11.359469511691808
        },
        "distinct_gt_coverage": 0.8517350157728707,
        "duplicates": {
          "duplicate_pair_count": 0,
          "duplicate_pair_ratio": 0.0,
          "nodes_with_duplicates": 0,
          "nodes_with_duplicates_ratio": 0.0,
          "nodes_with_multiple_predictions": 0,
          "pair_count": 0
        },
        "endpoint_error": {
          "count": 317,
          "mean": 14.828407729901375,