{
  "actual_matched_query_is_highest_probability_ratio": 0.3373493975903614,
  "best_second_best_cost_margin": {
    "count": 83,
    "mean": 0.5507348695074219,
    "median": 0.4315090775489807,
    "p10": 0.07997155338525773,
    "p90": 1.1129339694976805
  },
  "cost_component_statistics": {
    "actual_matches": {
      "direction": {
        "count": 83,
        "mean": 0.06719315052032471,
        "median": 0.01590883731842041,
        "p10": 0.0003757953643798828,
        "p90": 0.1291454792022705
      },
      "endpoint": {
        "count": 83,
        "mean": 0.1834059060293149,
        "median": 0.17730459570884705,
        "p10": 0.07891373634338379,
        "p90": 0.32486741542816155
      },
      "existence": {
        "count": 83,
        "mean": -0.6479130962482059,
        "median": -0.807320773601532,
        "p10": -0.9509910702705383,
        "p90": -0.03410641700029374
      }
    },
    "all_candidate_to_gt": {
      "direction": {
        "count": 498,
        "mean": 0.9693943962275263,
        "median": 0.9338380396366119,
        "p10": 0.021460700035095214,
        "p90": 1.971459448337555
      },
      "endpoint": {
        "count": 498,
        "mean": 0.39967773317258404,
        "median": 0.4133663922548294,
        "p10": 0.17204533815383913,
        "p90": 0.6140905320644379
      },
      "existence": {
        "count": 498,
        "mean": -0.4298360092812274,
        "median": -0.4065608084201813,
        "p10": -0.9141745626926422,
        "p90": -0.02375019416213035
      }
    }
  },
  "empty_gt_query_probability": {
    "count": 0,
    "mean": null,
    "median": null,
    "p10": null,
    "p90": null
  },
  "per_query_match_frequency": {
    "0": 9,
    "1": 26,
    "2": 7,
    "3": 2,
    "4": 16,
    "5": 23
  },
  "per_query_match_frequency_by_gt_count": {
    "count_2": {
      "0": 2,
      "1": 13,
      "2": 4,
      "3": 1,
      "4": 4,
      "5": 10
    },
    "count_ge_3": {
      "0": 7,
      "1": 13,
      "2": 3,
      "3": 1,
      "4": 12,
      "5": 13
    }
  }
}
